transaction_id,date,account_id,transaction_type,channel,amount,status,exception_reason,region,processing_time_mins
TXN-6CD3C0430D05,2026-07-02,ACCT-6CD3C0430D05,Card,Mobile,69.81,processed,,Northeast,0.6
TXN-C0D8A9A230E1,2026-08-03,ACCT-C0D8A9A230E1,Wire,Call Center,182097.08,processed,,Southeast,8.0
TXN-5A39CADD1B00,2026-07-21,ACCT-5A39CADD1B00,Card,Online,253.7,processed,,Southeast,2.2
TXN-317AB38A42B9,2026-08-17,ACCT-317AB38A42B9,ACH,API,35033.14,processed,,Southwest,4.7
TXN-22B3FDD8F9CD,2026-07-27,ACCT-22B3FDD8F9CD,ACH,Online,759.37,processed,,West,8.6
TXN-E5CE8D4FD545,2026-07-31,ACCT-E5CE8D4FD545,ACH,Branch,1971.43,processed,,Southeast,2.9
TXN-FE7A4E450BC1,2026-07-09,ACCT-FE7A4E450BC1,Check,Mobile,9970.14,processed,,Midwest,0.6
TXN-D8F6BF1A64CB,2026-08-28,ACCT-D8F6BF1A64CB,Card,Online,24.75,processed,,Midwest,13.2
TXN-FBC1F6898B3F,2026-08-05,ACCT-FBC1F6898B3F,ACH,Branch,7466.62,exception,Account number mismatch,Southwest,4.3
TXN-02C9B1EF2D53,2026-07-06,ACCT-02C9B1EF2D53,Check,Branch,13112.45,processed,,West,1.8
TXN-41ED0C59258D,2026-07-02,ACCT-41ED0C59258D,Card,Online,3.97,pending,,Midwest,1.9
TXN-043CC326FB8F,2026-07-09,ACCT-043CC326FB8F,Bill Pay,Online,5284.57,processed,,Midwest,9.5
TXN-30E2C3D83DB0,2026-08-18,ACCT-30E2C3D83DB0,Card,ATM,548.52,processed,,Midwest,2.0
TXN-AFBFB89027A4,2026-07-05,ACCT-AFBFB89027A4,ACH,API,2813.66,processed,,West,4.2
TXN-CD481914F49A,2026-08-31,ACCT-CD481914F49A,Wire,Branch,51410.71,processed,,Southeast,4.2
TXN-CD0B76133130,2026-07-24,ACCT-CD0B76133130,Card,Mobile,59.75,processed,,Southwest,1.2
TXN-4420D11FA915,2026-06-26,ACCT-4420D11FA915,Card,Online,161.62,processed,,Northeast,1.3
TXN-AC37DDE628EC,2026-08-28,ACCT-AC37DDE628EC,Wire,Branch,9361.41,processed,,Southwest,3.8
TXN-7A05EDB037F0,2026-09-08,ACCT-7A05EDB037F0,ACH,API,2121.74,processed,,Northeast,2.5
TXN-1B656B5FF854,2026-07-28,ACCT-1B656B5FF854,Check,Branch,85373.0,processed,,Midwest,10.6
TXN-105B1D1853BE,2026-09-17,ACCT-105B1D1853BE,Wire,Online,16862.09,processed,,Southeast,6.3
TXN-904F09FA519F,2026-07-27,ACCT-904F09FA519F,ACH,API,3350.02,processed,,Southwest,2.2
TXN-AF5422F82407,2026-08-16,ACCT-AF5422F82407,Card,Mobile,107.59,processed,,Southwest,4.4
TXN-6CE24FA42323,2026-08-03,ACCT-6CE24FA42323,ACH,Online,1677.82,processed,,Southwest,4.1
TXN-CB18BCF51290,2026-07-13,ACCT-CB18BCF51290,Zelle/P2P,Online,102.51,processed,,Northeast,2.4
TXN-299F29599F22,2026-09-21,ACCT-299F29599F22,Card,Online,405.58,processed,,Southwest,5.1
TXN-1D9D5DC73A35,2026-08-31,ACCT-1D9D5DC73A35,Wire,Branch,56942.22,processed,,Northeast,2.2
TXN-27D70E035138,2026-08-24,ACCT-27D70E035138,Check,Mobile,2514.94,processed,,Southeast,0.6
TXN-D1715D1846D4,2026-06-25,ACCT-D1715D1846D4,Check,Branch,8079.53,processed,,Midwest,5.5
TXN-F74E1803E892,2026-06-24,ACCT-F74E1803E892,ACH,Mobile,5935.13,processed,,Southwest,4.1
TXN-8AA83C8A7617,2026-09-06,ACCT-8AA83C8A7617,Card,Mobile,240.78,processed,,Northeast,4.5
TXN-6FD6748DC299,2026-07-15,ACCT-6FD6748DC299,Check,Branch,677.96,processed,,Northeast,12.9
TXN-80CCD59A719F,2026-08-19,ACCT-80CCD59A719F,Card,Online,25.58,processed,,Northeast,6.3
TXN-DF139C403530,2026-08-21,ACCT-DF139C403530,ACH,Online,3117.98,processed,,Southeast,2.0
TXN-2B067895ED24,2026-09-18,ACCT-2B067895ED24,ACH,Branch,2856.09,processed,,Midwest,2.4
TXN-C4EEF1FEDB35,2026-08-05,ACCT-C4EEF1FEDB35,Check,Branch,16427.48,processed,,West,18.6
TXN-15D73BB4B445,2026-08-28,ACCT-15D73BB4B445,Zelle/P2P,Mobile,659.17,processed,,Northeast,2.7
TXN-BEA5458391ED,2026-07-06,ACCT-BEA5458391ED,ACH,Online,4493.12,processed,,Southeast,2.4
TXN-3FECBEAB2743,2026-06-25,ACCT-3FECBEAB2743,ACH,Mobile,4087.39,processed,,,4.9
TXN-DCF8BB6C8583,2026-07-01,ACCT-DCF8BB6C8583,ACH,Online,840.11,processed,,West,1.9
TXN-96F74527DD7D,2026-07-31,ACCT-96F74527DD7D,ACH,Online,1673.31,processed,,Midwest,11.1
TXN-AE5DA5716B41,2026-07-28,ACCT-AE5DA5716B41,Card,Mobile,118.6,processed,,West,3.3
TXN-AA0786629D94,2026-09-17,ACCT-AA0786629D94,Card,Mobile,114.28,processed,,Northeast,2.3
TXN-A67792EC5335,2026-08-01,ACCT-A67792EC5335,ACH,Online,10823.64,processed,,Northeast,1.1
TXN-ADDF00C1D155,2026-07-14,ACCT-ADDF00C1D155,ACH,API,261.84,processed,,Southeast,18.2
TXN-1BD8E4AA260A,2026-07-05,ACCT-1BD8E4AA260A,Card,Online,94.85,processed,,Northeast,3.2
TXN-FBB0ACFBEE70,2026-07-07,ACCT-FBB0ACFBEE70,Card,Mobile,101.26,processed,,Northeast,11.8
TXN-6FF473C4B8B9,2026-07-27,ACCT-6FF473C4B8B9,Card,Online,88.04,processed,,Northeast,2.0
TXN-418AD3EE671A,2026-09-15,ACCT-418AD3EE671A,Zelle/P2P,Mobile,1102.34,processed,,Southeast,11.9
TXN-98C6F12CF67E,2026-08-01,ACCT-98C6F12CF67E,Card,ATM,88.52,processed,,West,3.8
TXN-90EFD5F59012,2026-07-29,ACCT-90EFD5F59012,Wire,Call Center,12574.62,processed,,West,7.9
TXN-572249C60E77,2026-07-31,ACCT-572249C60E77,ACH,Mobile,9367.49,processed,,Southeast,3.9
TXN-756A6524CDB2,2026-07-31,ACCT-756A6524CDB2,Bill Pay,Online,6833.46,processed,,Southeast,2.5
TXN-C5A4043EFBB5,2026-06-26,ACCT-C5A4043EFBB5,Bill Pay,Online,1857.99,processed,,West,10.1
TXN-73E7680610AB,2026-07-03,ACCT-73E7680610AB,ACH,Online,1780.05,processed,,Southwest,7.7
TXN-5796BAF6FAE5,2026-08-19,ACCT-5796BAF6FAE5,Card,Online,243.99,processed,,Southeast,2.7
TXN-ACB6AF4C0A66,2026-07-31,ACCT-ACB6AF4C0A66,ACH,API,3716.35,processed,,West,7.2
TXN-0AEEC946B8C4,2026-07-02,ACCT-0AEEC946B8C4,Card,ATM,249.26,processed,,West,17.0
TXN-98C1D47C393B,2026-07-06,ACCT-98C1D47C393B,Card,ATM,66.43,processed,,Southeast,10.4
TXN-F35DF84F183B,2026-07-14,ACCT-F35DF84F183B,Wire,Call Center,39013.03,processed,,West,15.2
TXN-58144BA2F74E,2026-08-03,ACCT-58144BA2F74E,Bill Pay,Mobile,210.61,processed,,Northeast,2.6
TXN-5C3E9040008C,2026-06-26,ACCT-5C3E9040008C,ACH,Mobile,4368.66,processed,,Northeast,2.1
TXN-D9A4558DBDE6,2026-09-08,ACCT-D9A4558DBDE6,Card,Mobile,367.83,processed,,Midwest,2.3
TXN-00582CB42F79,2026-09-13,ACCT-00582CB42F79,Card,Online,162.2,processed,,Southeast,4.5
TXN-62B1A762012E,2026-07-22,ACCT-62B1A762012E,ACH,API,1198.01,processed,,West,0.6
TXN-0B42D71285C2,2026-08-26,ACCT-0B42D71285C2,Wire,Call Center,8690.99,exception,Amount exceeds limit,Midwest,16.6
TXN-F8ACE8696F29,2026-07-02,ACCT-F8ACE8696F29,ACH,Branch,4516.53,processed,,Midwest,8.3
TXN-E119D8A486D7,2026-06-30,ACCT-E119D8A486D7,ACH,Online,581.99,processed,,Southwest,3.9
TXN-0376E481E9F4,2026-07-03,ACCT-0376E481E9F4,Card,Mobile,1390.05,processed,,Southeast,4.9
TXN-E9EC726D7636,2026-09-15,ACCT-E9EC726D7636,ACH,Online,915.14,processed,,Northeast,3.8
TXN-C56D07046E9B,2026-09-17,ACCT-C56D07046E9B,Zelle/P2P,Mobile,326.81,processed,,Southwest,5.9
TXN-43BCC769935A,2026-09-04,ACCT-43BCC769935A,ACH,API,2532.67,processed,,Southeast,4.3
TXN-EAB554E91356,2026-06-29,ACCT-EAB554E91356,Check,Branch,26327.93,processed,,Southeast,4.7
TXN-7D85A2858D48,2026-09-01,ACCT-7D85A2858D48,Card,Mobile,57.51,failed,,West,21.3
TXN-9F2790E2DFFD,2026-09-17,ACCT-9F2790E2DFFD,Zelle/P2P,Mobile,464.53,processed,,Midwest,18.1
TXN-664A53F9ADB7,2026-09-11,ACCT-664A53F9ADB7,Wire,Branch,9802.36,processed,,Northeast,15.0
TXN-26859DE72F0D,2026-07-12,ACCT-26859DE72F0D,Card,Mobile,178.16,processed,,Northeast,1.1
TXN-0E1A3AEC7FD9,2026-08-18,ACCT-0E1A3AEC7FD9,ACH,Online,5155.13,processed,,Northeast,2.6
TXN-F8DAC969C272,2026-09-14,ACCT-F8DAC969C272,Card,Online,104.15,processed,,Midwest,2.7
TXN-3BF362DD9A32,2026-08-06,ACCT-3BF362DD9A32,Wire,Call Center,80637.38,processed,,Southeast,13.6
TXN-9C46766F02E8,2026-07-01,ACCT-9C46766F02E8,Wire,Call Center,59008.39,processed,,Southwest,7.5
TXN-D919054469D4,2026-06-28,ACCT-D919054469D4,ACH,Online,7592.58,processed,,Northeast,2.8
TXN-10F37ED01A38,2026-07-15,ACCT-10F37ED01A38,Check,Branch,6654.15,processed,,Midwest,1.3
TXN-3920A339BB9E,2026-08-13,ACCT-3920A339BB9E,ACH,Mobile,2290.57,processed,,Southwest,0.4
TXN-E3EC0145442E,2026-07-28,ACCT-E3EC0145442E,Card,Mobile,132.07,processed,,Southeast,6.4
TXN-0E90EA6CBC93,2026-09-15,ACCT-0E90EA6CBC93,Wire,Call Center,26577.48,processed,,West,1.0
TXN-3B5197ED83C1,2026-08-07,ACCT-3B5197ED83C1,ACH,API,1111.89,processed,,Midwest,2.9
TXN-55F215B6A170,2026-08-07,ACCT-55F215B6A170,Card,Online,43.64,processed,,Northeast,1.0
TXN-A9D97CCD6CF4,2026-07-23,ACCT-A9D97CCD6CF4,Zelle/P2P,Online,1301.89,processed,,Midwest,2.6
TXN-A519D0607866,2026-06-30,ACCT-A519D0607866,Check,ATM,6623.49,processed,,Northeast,3.0
TXN-689E02BF0AAC,2026-07-28,ACCT-54D3D871D13E,Zelle/P2P,Online,197.98,processed,,Southeast,17.4
TXN-B8BEEDCD550D,2026-07-14,ACCT-B8BEEDCD550D,ACH,Branch,1060.31,processed,,West,11.0
TXN-EB5AF8AB99B5,2026-08-28,ACCT-EB5AF8AB99B5,Zelle/P2P,Mobile,161.23,processed,,Southwest,2.2
TXN-35B563040FA2,2026-08-17,ACCT-35B563040FA2,ACH,Mobile,449.38,processed,,,12.2
TXN-F422ED11D6ED,2026-09-14,ACCT-F422ED11D6ED,Wire,Branch,15129.75,processed,,West,14.5
TXN-B74B161D6EC2,2026-07-06,ACCT-B74B161D6EC2,ACH,Branch,381.69,processed,,Northeast,2.0
TXN-E9C2EF1410F8,2026-07-10,ACCT-E9C2EF1410F8,Bill Pay,Call Center,548.51,processed,,Northeast,4.7
TXN-47957383827B,2026-09-19,ACCT-47957383827B,Card,Mobile,222.91,processed,,Southeast,4.8
TXN-EE1738C7EA85,2026-08-21,ACCT-EE1738C7EA85,Card,Mobile,11.99,processed,,Southeast,3.9
TXN-CCDEEAE36AEC,2026-08-01,ACCT-CCDEEAE36AEC,Bill Pay,Call Center,416.33,processed,,Southeast,1.9
TXN-A6D25AC045D6,2026-06-24,ACCT-A6D25AC045D6,Bill Pay,Mobile,1403.98,processed,,Southeast,2.8
TXN-CFE36DA92D6A,2026-09-21,ACCT-CFE36DA92D6A,Zelle/P2P,Online,346.27,processed,,Southeast,4.0
TXN-9E4C81BBBD31,2026-08-14,ACCT-9E4C81BBBD31,ACH,Mobile,4560.59,processed,,Southeast,27.3
TXN-6F99662F5360,2026-07-17,ACCT-6F99662F5360,Check,Branch,5277.14,processed,,Northeast,1.2
TXN-02F1F9C3257C,2026-07-31,ACCT-02F1F9C3257C,ACH,Online,2326.97,processed,,Southeast,1.0
TXN-DAC9139838D1,2026-08-20,ACCT-DAC9139838D1,Card,Online,77.42,processed,,Southeast,5.3
TXN-B489751D6117,2026-07-29,ACCT-B489751D6117,Card,Mobile,315.99,processed,,Northeast,4.0
TXN-98E4C2DD19E0,2026-06-30,ACCT-98E4C2DD19E0,ACH,Online,3239.37,processed,,West,3.0
TXN-CC3CCF1230A6,2026-08-04,ACCT-CC3CCF1230A6,Check,Mobile,20877.99,processed,,West,0.7
TXN-2E59780B20BF,2026-08-03,ACCT-2E59780B20BF,Check,ATM,1172.41,processed,,Northeast,6.3
TXN-3B8321FE7F0E,2026-07-15,ACCT-3B8321FE7F0E,Wire,Call Center,58132.96,processed,,Midwest,46.2
TXN-088CB6EC9716,2026-06-25,ACCT-581F5DB80FC7,Bill Pay,Mobile,1937.03,processed,,Southeast,7.1
TXN-02BE1739DAB3,2026-09-15,ACCT-02BE1739DAB3,Bill Pay,Online,576.84,processed,,Southwest,11.4
TXN-2C1ECC8C41AD,2026-08-26,ACCT-2C1ECC8C41AD,Card,Mobile,31.98,processed,,Southeast,1.5
TXN-2934EFD50336,2026-08-15,ACCT-2934EFD50336,ACH,API,2460.52,processed,,Southwest,2.1
TXN-978C85C75653,2026-09-08,ACCT-978C85C75653,Card,Online,10.67,processed,,Midwest,5.3
TXN-8AEE9A1CC65C,2026-08-17,ACCT-8AEE9A1CC65C,Card,Online,75.35,processed,,Southeast,3.9
TXN-A4226D9BCF5B,2026-08-24,ACCT-A4226D9BCF5B,Card,Online,386.15,processed,,Southwest,2.0
TXN-E291AE302242,2026-07-06,ACCT-E291AE302242,Card,Online,50.12,processed,,Northeast,1.2
TXN-B330320B46CB,2026-09-15,ACCT-B330320B46CB,Check,Mobile,1275.69,processed,,Southeast,2.1
TXN-036BD433201A,2026-09-07,ACCT-036BD433201A,Bill Pay,Mobile,8722.21,processed,,West,1.8
TXN-1CF48271E12D,2026-07-21,ACCT-1CF48271E12D,ACH,Mobile,1146.45,processed,,Northeast,4.8
TXN-19D853112B38,2026-08-21,ACCT-19D853112B38,Zelle/P2P,Mobile,26.53,processed,,Southeast,4.2
TXN-515FC34A989A,2026-06-25,ACCT-515FC34A989A,ACH,Online,5033.78,processed,,Midwest,0.5
TXN-70639B62A74E,2026-07-13,ACCT-70639B62A74E,Check,Branch,4243.11,processed,,Northeast,1.2
TXN-B6BFA4F62FEA,2026-09-02,ACCT-B6BFA4F62FEA,Zelle/P2P,Mobile,319.73,processed,,Southeast,8.5
TXN-567461C6470E,2026-07-17,ACCT-567461C6470E,ACH,Mobile,1782.53,processed,,,3.2
TXN-30B5E9850B04,2026-07-23,ACCT-30B5E9850B04,Zelle/P2P,Mobile,241.24,processed,,Southwest,3.8
TXN-F1835F819769,2026-07-10,ACCT-F1835F819769,Zelle/P2P,Online,987.09,processed,,Northeast,2.2
TXN-FC0F55DF7549,2026-08-18,ACCT-FC0F55DF7549,Card,Online,784.56,processed,,Southeast,1.7
TXN-DBC74E3A5F6F,2026-07-17,ACCT-DBC74E3A5F6F,Card,Mobile,51.99,processed,,West,4.8
TXN-3E8AB67CE1B6,2026-07-29,ACCT-3E8AB67CE1B6,Card,ATM,90.42,processed,,Midwest,1.8
TXN-FF509528BFFF,2026-07-13,ACCT-FF509528BFFF,ACH,Online,13936.14,processed,,Southeast,1.3
TXN-0B2259A898EA,2026-07-08,ACCT-0B2259A898EA,Bill Pay,Mobile,1872.55,processed,,West,1.5
TXN-1D4CB0BC6C06,2026-07-13,ACCT-1D4CB0BC6C06,Card,Mobile,220.93,processed,,Midwest,6.6
TXN-D1A08AE1268B,2026-09-11,ACCT-D1A08AE1268B,ACH,API,11650.31,processed,,Southeast,1.7
TXN-C64DBA8B4A59,2026-08-28,ACCT-C64DBA8B4A59,ACH,Mobile,3573.3,pending,,Southwest,1.8
TXN-2F5E318D4AB8,2026-06-24,ACCT-2F5E318D4AB8,Bill Pay,Online,158.36,processed,,Northeast,1.3
TXN-34807ECCEA08,2026-09-07,ACCT-34807ECCEA08,Wire,Online,25655.2,processed,,Southeast,16.5
TXN-BCBFF0FB0EF9,2026-07-02,ACCT-BCBFF0FB0EF9,ACH,Branch,17399.87,processed,,Southwest,1.4
TXN-FAF5A17D4860,2026-07-06,ACCT-FAF5A17D4860,Card,Mobile,30.32,failed,,Northeast,12.9
TXN-FF2FBB2C3BFF,2026-07-08,ACCT-FF2FBB2C3BFF,ACH,Online,3331.17,processed,,West,1.4
TXN-2F7F15D0BB83,2026-07-20,ACCT-2F7F15D0BB83,ACH,API,13151.43,processed,,Southwest,12.8
TXN-045784691835,2026-07-03,ACCT-045784691835,ACH,API,10517.16,processed,,Midwest,3.9
TXN-41B465201541,2026-09-18,ACCT-41B465201541,ACH,Online,2665.48,processed,,Southeast,7.0
TXN-F86AA6D7BBA0,2026-09-02,ACCT-F86AA6D7BBA0,ACH,Online,223.67,processed,,Northeast,6.9
TXN-6C9C631CEBC6,2026-09-10,ACCT-6C9C631CEBC6,ACH,Online,2190.91,processed,,West,15.8
TXN-70252984654C,2026-09-04,ACCT-70252984654C,Zelle/P2P,Mobile,235.89,processed,,Northeast,3.2
TXN-327D4637793E,2026-08-24,ACCT-327D4637793E,Bill Pay,Online,2261.89,processed,,West,8.9
TXN-B9A5E256C1D7,2026-08-14,ACCT-B9A5E256C1D7,Bill Pay,Online,264.35,processed,,Northeast,3.3
TXN-357A3FBBD9E6,2026-07-17,ACCT-357A3FBBD9E6,Card,ATM,33.24,processed,,Southeast,7.6
TXN-33BBED52656F,2026-08-19,ACCT-33BBED52656F,Zelle/P2P,Mobile,1569.99,processed,,Northeast,8.6
TXN-F50C8EB95B11,2026-08-25,ACCT-F50C8EB95B11,Bill Pay,Online,1220.23,processed,,Northeast,4.8
TXN-5D136BCE8E32,2026-07-02,ACCT-5D136BCE8E32,ACH,Branch,1253.6,processed,,Southeast,12.4
TXN-AC183CC418CC,2026-06-26,ACCT-AC183CC418CC,Card,Online,86.56,processed,,Midwest,10.7
TXN-28D1555EEC4A,2026-09-17,ACCT-28D1555EEC4A,Card,Mobile,41.01,processed,,Southwest,12.2
TXN-C3D320B107E4,2026-08-13,ACCT-C3D320B107E4,Zelle/P2P,Mobile,188.64,exception,Hold / compliance review,Southwest,11.9
TXN-EE708D65C4CB,2026-07-05,ACCT-EE708D65C4CB,Check,Mobile,6972.26,processed,,West,2.7
TXN-6B24CFF1A042,2026-07-15,ACCT-6B24CFF1A042,ACH,Mobile,3247.8,processed,,Midwest,0.8
TXN-DDE66966C76B,2026-09-19,ACCT-DDE66966C76B,Zelle/P2P,Online,252.39,processed,,Northeast,1.2
TXN-4E080C685C5E,2026-09-03,ACCT-4E080C685C5E,Bill Pay,Online,216.66,processed,,Southeast,0.5
TXN-48485CCC552F,2026-07-01,ACCT-48485CCC552F,Zelle/P2P,Mobile,653.0,processed,,Midwest,2.7
TXN-E093A824409E,2026-08-17,ACCT-E093A824409E,Zelle/P2P,Online,35.47,processed,,Midwest,2.4
TXN-B3C403EF9B4C,2026-08-04,ACCT-B3C403EF9B4C,Card,Online,98.41,processed,,Southeast,3.0
TXN-900F7B407B5A,2026-09-21,ACCT-900F7B407B5A,Card,Mobile,27.4,processed,,Midwest,8.8
TXN-91CF42608863,2026-07-10,ACCT-91CF42608863,Card,Online,366.41,processed,,Southwest,5.2
TXN-9C2A5591FF7E,2026-06-25,ACCT-9C2A5591FF7E,ACH,Mobile,523.11,processed,,Midwest,18.0
TXN-F9F6D07EF81E,2026-09-05,ACCT-F9F6D07EF81E,ACH,Branch,21424.36,processed,,Northeast,7.8
TXN-BAA76D6568EA,2026-08-27,ACCT-BAA76D6568EA,ACH,Mobile,1383.73,processed,,Southwest,1.3
TXN-6BCC05D40B17,2026-06-30,ACCT-6BCC05D40B17,Card,Online,19.79,processed,,Northeast,2.5
TXN-4B1CE0501714,2026-09-12,ACCT-4B1CE0501714,Bill Pay,Call Center,248.54,processed,,West,3.5
TXN-93A91475CCA4,2026-07-09,ACCT-93A91475CCA4,Zelle/P2P,Mobile,1841.95,processed,,Midwest,14.5
TXN-963C06702E74,2026-07-13,ACCT-963C06702E74,Check,Branch,2749.85,processed,,Southwest,3.7
TXN-3631974F76F0,2026-08-17,ACCT-3631974F76F0,Card,ATM,58.04,processed,,Southeast,5.6
TXN-4E479A5A3E18,2026-08-07,ACCT-4E479A5A3E18,Zelle/P2P,Online,407.31,processed,,Southeast,3.3
TXN-6DB6EB4AF1E1,2026-09-15,ACCT-6DB6EB4AF1E1,Bill Pay,Mobile,27.26,exception,Account number mismatch,Southeast,8.3
TXN-BE4716785A06,2026-08-05,ACCT-BE4716785A06,Check,Mobile,449.37,processed,,Southwest,18.2
TXN-A95DF77E38ED,2026-06-26,ACCT-A95DF77E38ED,ACH,Mobile,3128.56,processed,,Midwest,8.1
TXN-5BAABD2DC156,2026-08-13,ACCT-5BAABD2DC156,Card,Mobile,179.31,processed,,Northeast,2.7
TXN-8619A5A73D40,2026-09-14,ACCT-8619A5A73D40,ACH,Branch,4057.74,failed,,Northeast,15.4
TXN-C082E5E6947D,2026-09-04,ACCT-C082E5E6947D,Check,Branch,1401.49,processed,,Southeast,0.7
TXN-7D84D3A67D7C,2026-09-03,ACCT-7D84D3A67D7C,Wire,Branch,12304.59,processed,,West,4.3
TXN-BADC1520E836,2026-08-20,ACCT-BADC1520E836,ACH,API,21873.94,processed,,Southeast,4.3
TXN-23DA7CBDB3FA,2026-08-18,ACCT-23DA7CBDB3FA,Card,Online,54.3,processed,,Northeast,0.5
TXN-B33B192B1091,2026-09-08,ACCT-6DBA77308243,Bill Pay,Online,2844.41,failed,,Midwest,6.4
TXN-86D73054AA9C,2026-08-19,ACCT-86D73054AA9C,Bill Pay,Mobile,559.85,processed,,Northeast,2.2
TXN-1AB659990855,2026-09-10,ACCT-1AB659990855,Wire,Branch,133034.18,processed,,Northeast,11.4
TXN-4E15C65D75AC,2026-08-30,ACCT-4E15C65D75AC,ACH,Online,7404.95,processed,,Southeast,1.4
TXN-97FDFDCD51F7,2026-06-29,ACCT-97FDFDCD51F7,Check,Branch,732.4,processed,,Southwest,3.8
TXN-FD4CC0601ED8,2026-07-02,ACCT-FD4CC0601ED8,Card,Mobile,44.28,processed,,Southwest,2.0
TXN-9D8C8E1359B4,2026-06-24,ACCT-870863AB6307,ACH,Online,1823.95,processed,,Northeast,4.7
TXN-0050FDC23FFC,2026-07-22,ACCT-0050FDC23FFC,Card,ATM,160.52,processed,,Southwest,7.3
TXN-3761572D1E7D,2026-07-06,ACCT-3761572D1E7D,Card,Mobile,84.32,processed,,Midwest,8.1
TXN-35C71BD7EAF4,2026-07-15,ACCT-6DC0836503E9,Card,Online,185.63,processed,,Southeast,19.7
TXN-BE1E91924E1B,2026-09-10,ACCT-BE1E91924E1B,Check,ATM,1224.57,processed,,Midwest,5.8
TXN-FC753880B3E6,2026-07-27,ACCT-FC753880B3E6,ACH,Online,1218.71,processed,,Northeast,3.8
TXN-5BE3387D3BFE,2026-08-18,ACCT-5BE3387D3BFE,Bill Pay,Call Center,6359.95,processed,,Northeast,6.7
TXN-FA1866A72C33,2026-08-18,ACCT-FA1866A72C33,ACH,Mobile,2766.42,processed,,Southeast,1.8
TXN-986E1FA273D0,2026-09-16,ACCT-986E1FA273D0,Bill Pay,Online,377.26,processed,,Northeast,7.3
TXN-4641BB4569C4,2026-07-25,ACCT-4641BB4569C4,Check,Branch,4604.95,processed,,Northeast,1.5
TXN-E6B5ABFC55A4,2026-07-20,ACCT-E6B5ABFC55A4,Card,ATM,266.52,processed,,Southeast,1.6
TXN-58762399DAC8,2026-07-01,ACCT-58762399DAC8,ACH,Mobile,1299.27,processed,,West,5.9
TXN-649DD469F956,2026-09-18,ACCT-649DD469F956,Card,Mobile,14.41,processed,,West,3.8
TXN-172818F483EC,2026-08-07,ACCT-172818F483EC,Card,Mobile,65.95,processed,,Southeast,1.2
TXN-0823F026509A,2026-07-25,ACCT-0823F026509A,Wire,Online,50960.84,processed,,West,22.5
TXN-761BB56B738E,2026-09-07,ACCT-761BB56B738E,Card,ATM,230.26,processed,,West,1.7
TXN-20333B30EF06,2026-09-08,ACCT-20333B30EF06,ACH,Online,5702.25,processed,,Southwest,1.9
TXN-20FD01736988,2026-08-19,ACCT-20FD01736988,Check,Branch,4939.06,processed,,Northeast,1.6
TXN-C890C1E18A31,2026-09-18,ACCT-C890C1E18A31,ACH,API,3593.05,processed,,West,2.9
TXN-C916C6E83716,2026-07-30,ACCT-C916C6E83716,ACH,Mobile,1368.57,processed,,Southwest,4.1
TXN-E8BC20A55F64,2026-08-14,ACCT-E8BC20A55F64,Card,Online,34.23,processed,,Southwest,3.8
TXN-CDC3323AAFD9,2026-07-10,ACCT-CDC3323AAFD9,ACH,API,6214.44,processed,,Midwest,1.3
TXN-FF5CC9106500,2026-07-08,ACCT-FF5CC9106500,Check,Branch,523.87,processed,,Midwest,3.7
TXN-DB87885360B8,2026-09-10,ACCT-DB87885360B8,Check,Branch,11849.6,processed,,Southeast,9.3
TXN-05BF55B02F24,2026-07-17,ACCT-05BF55B02F24,ACH,Online,13524.69,processed,,Northeast,2.2
TXN-F8E14AA458E5,2026-07-08,ACCT-F8E14AA458E5,Card,Online,46.08,processed,,Southeast,0.7
TXN-EB8D5BC3554E,2026-06-30,ACCT-EB8D5BC3554E,Check,Branch,11063.18,processed,,Southeast,1.6
TXN-7DB08657E1D4,2026-07-13,ACCT-F7DF50FA6DE3,ACH,API,7615.17,processed,,Midwest,4.4
TXN-6047E31A9227,2026-08-27,ACCT-6047E31A9227,Card,Online,268.39,exception,Account number mismatch,Midwest,7.5
TXN-4FED283F5156,2026-09-04,ACCT-4FED283F5156,Card,Online,166.56,processed,,Southwest,6.0
TXN-730B498661C0,2026-08-19,ACCT-730B498661C0,ACH,API,3370.63,processed,,Northeast,9.5
TXN-309F282200A0,2026-09-18,ACCT-309F282200A0,Check,Branch,3511.24,processed,,West,4.6
TXN-60CBDE0A980F,2026-09-01,ACCT-60CBDE0A980F,ACH,API,5920.61,processed,,Southeast,12.3
TXN-743078AEC0CE,2026-08-25,ACCT-743078AEC0CE,ACH,Online,4416.99,processed,,Southeast,2.3
TXN-851E7B0FFE5C,2026-07-17,ACCT-851E7B0FFE5C,Card,Mobile,212.55,processed,,West,1.7
TXN-9DE0A7C74F61,2026-09-16,ACCT-9DE0A7C74F61,ACH,Online,4975.95,exception,Insufficient funds,Southeast,5.3
TXN-75B49F5A9F11,2026-09-04,ACCT-75B49F5A9F11,ACH,API,30494.08,processed,,West,2.8
TXN-CC5AEE71DBB1,2026-09-07,ACCT-CC5AEE71DBB1,Card,Online,315.73,processed,,Southeast,4.3
TXN-1DB2269B74D1,2026-08-13,ACCT-1DB2269B74D1,Wire,Call Center,105139.64,processed,,Northeast,5.2
TXN-494F8B426E85,2026-06-26,ACCT-494F8B426E85,Bill Pay,Online,1415.63,processed,,Midwest,7.3
TXN-0C064516A0EC,2026-07-08,ACCT-0C064516A0EC,Card,Mobile,98.82,processed,,Southwest,10.0
TXN-D1B825CBD7E1,2026-07-19,ACCT-D1B825CBD7E1,Wire,Branch,65972.29,processed,,Southwest,6.8
TXN-2AA210A2F6EC,2026-08-03,ACCT-2AA210A2F6EC,Card,Online,59.79,processed,,Northeast,4.7
TXN-5AB3DFC8EAF7,2026-08-26,ACCT-5AB3DFC8EAF7,Card,Mobile,201.93,processed,,Northeast,1.2
TXN-1112C695B7E5,2026-08-07,ACCT-1112C695B7E5,ACH,API,7264.93,processed,,Southeast,0.7
TXN-FB3DAAF295C3,2026-08-14,ACCT-FB3DAAF295C3,Zelle/P2P,Mobile,254.66,processed,,Southeast,1.9
TXN-C30D74643CD0,2026-09-14,ACCT-C30D74643CD0,ACH,Online,5959.35,processed,,Southeast,5.9
TXN-EFE1FFCEEE7D,2026-07-20,ACCT-EFE1FFCEEE7D,Check,Mobile,3674.79,processed,,Midwest,2.7
TXN-90082CD88AAB,2026-08-13,ACCT-90082CD88AAB,Card,ATM,221.83,processed,,Midwest,3.7
TXN-87726AF5FC23,2026-07-17,ACCT-87726AF5FC23,ACH,Mobile,3978.77,processed,,West,5.9
TXN-0D14FC2519D6,2026-09-16,ACCT-0D14FC2519D6,Wire,Call Center,7007.86,processed,,Northeast,12.0
TXN-2EC5F6091586,2026-08-02,ACCT-2EC5F6091586,Card,Online,59.07,processed,,Northeast,1.8
TXN-AA350CD9C859,2026-07-03,ACCT-AA350CD9C859,Wire,Call Center,7289.27,processed,,West,12.7
TXN-82FA889930B9,2026-08-10,ACCT-82FA889930B9,ACH,Online,1852.41,processed,,Southeast,5.1
TXN-BB4D3BD12560,2026-09-15,ACCT-BB4D3BD12560,ACH,Mobile,11071.06,processed,,Midwest,4.6
TXN-3E8D0B18F3BE,2026-06-26,ACCT-3E8D0B18F3BE,Card,Mobile,131.01,processed,,Midwest,2.4
TXN-42AE45361F35,2026-06-29,ACCT-42AE45361F35,ACH,Branch,10762.7,processed,,Midwest,5.0
TXN-AFB922E38473,2026-07-22,ACCT-AFB922E38473,Card,ATM,79.5,processed,,Northeast,10.1
TXN-F4A511B048FB,2026-07-01,ACCT-F4A511B048FB,Card,ATM,167.89,processed,,Northeast,1.4
TXN-0C56061FF682,2026-09-11,ACCT-0C56061FF682,Zelle/P2P,Mobile,233.58,processed,,Northeast,2.7
TXN-A5B0E0D8E9D0,2026-09-01,ACCT-A5B0E0D8E9D0,Zelle/P2P,Mobile,170.17,processed,,Southeast,22.9
TXN-F2C8C2A5B93D,2026-07-31,ACCT-F2C8C2A5B93D,Card,Mobile,45.88,processed,,Northeast,0.6
TXN-F7101C4CBE78,2026-09-05,ACCT-F7101C4CBE78,Bill Pay,Online,1424.54,processed,,Southwest,5.7
TXN-22F6E71C4943,2026-07-13,ACCT-22F6E71C4943,ACH,Mobile,14209.88,processed,,Midwest,5.8
TXN-E3FF67A034BE,2026-07-30,ACCT-E3FF67A034BE,Check,Branch,5513.35,processed,,Southeast,8.9
TXN-CFAA60293C97,2026-08-17,ACCT-CFAA60293C97,Zelle/P2P,Mobile,1656.13,processed,,West,18.9
TXN-8EAE55C4C9DE,2026-08-10,ACCT-8EAE55C4C9DE,Card,ATM,272.99,processed,,Midwest,1.8
TXN-816B5CC4D32D,2026-09-02,ACCT-816B5CC4D32D,ACH,Online,6048.13,processed,,West,1.4
TXN-743517910941,2026-07-14,ACCT-743517910941,Wire,Branch,2497.45,processed,,West,3.0
TXN-A4F49FE2A01C,2026-08-04,ACCT-A4F49FE2A01C,Check,Branch,10135.66,processed,,West,1.8
TXN-9AF7222826AE,2026-08-04,ACCT-9AF7222826AE,ACH,Branch,3687.73,processed,,Northeast,2.0
TXN-7F9A139A3C85,2026-08-08,ACCT-7F9A139A3C85,Check,Mobile,15226.55,processed,,Northeast,7.3
TXN-C07565266783,2026-07-22,ACCT-C07565266783,Card,Online,421.34,processed,,West,18.7
TXN-CD579DD3CB50,2026-09-17,ACCT-CD579DD3CB50,Bill Pay,Mobile,801.37,processed,,Northeast,10.2
TXN-3C5ECE264596,2026-08-11,ACCT-3C5ECE264596,ACH,Mobile,6696.0,processed,,Southeast,5.0
TXN-B1ABACE73AA7,2026-07-28,ACCT-B1ABACE73AA7,Check,Branch,3696.94,processed,,Southwest,2.9
TXN-3E4028749F30,2026-08-06,ACCT-3E4028749F30,ACH,Branch,1380.16,processed,,Southwest,5.0
TXN-DCF8345C0FFB,2026-07-24,ACCT-DCF8345C0FFB,Card,Online,287.82,processed,,Southwest,1.1
TXN-07694E757E99,2026-07-01,ACCT-07694E757E99,Zelle/P2P,Mobile,258.09,processed,,Northeast,4.1
TXN-45470F5AE9D3,2026-07-07,ACCT-45470F5AE9D3,Card,Mobile,43.62,processed,,West,4.2
TXN-8EE6AF2E8D2B,2026-08-21,ACCT-8EE6AF2E8D2B,Card,ATM,36.35,processed,,West,2.4
TXN-B3282A2F2A28,2026-09-07,ACCT-B3282A2F2A28,ACH,Online,3351.57,processed,,West,7.1
TXN-5DD03D9F4866,2026-06-29,ACCT-5DD03D9F4866,Check,ATM,2620.31,processed,,Midwest,17.9
TXN-507C461B663A,2026-08-04,ACCT-507C461B663A,ACH,API,602.0,processed,,West,2.5
TXN-CE736361B8D3,2026-07-05,ACCT-CE736361B8D3,ACH,Mobile,3299.53,processed,,West,0.9
TXN-48E0FE5D5E31,2026-09-18,ACCT-48E0FE5D5E31,Check,Mobile,17554.34,processed,,Southeast,7.5
TXN-2A01795BB44F,2026-08-09,ACCT-2A01795BB44F,Zelle/P2P,Mobile,498.94,processed,,Northeast,7.5
TXN-D4BADA3CBAA7,2026-07-14,ACCT-D4BADA3CBAA7,Card,Online,86.3,processed,,Midwest,1.0
TXN-E41D64DB5703,2026-08-14,ACCT-E41D64DB5703,Bill Pay,Online,5641.33,processed,,Midwest,1.7
TXN-1D28C120568C,2026-08-10,ACCT-1D28C120568C,Bill Pay,Online,813.14,processed,,Northeast,26.3
TXN-44EFC4264845,2026-07-28,ACCT-44EFC4264845,Zelle/P2P,Online,69.76,processed,,Northeast,3.9
TXN-4A8ED6268C17,2026-08-25,ACCT-4A8ED6268C17,Bill Pay,Online,1612.81,processed,,Northeast,13.6
TXN-96C78D285761,2026-06-25,ACCT-96C78D285761,Card,Online,549.83,processed,,Midwest,12.0
TXN-680F612E343A,2026-07-31,ACCT-680F612E343A,ACH,Mobile,1654.3,processed,,Southeast,5.3
TXN-B593F48ECF28,2026-08-14,ACCT-B593F48ECF28,Bill Pay,Mobile,413.43,processed,,West,0.7
TXN-D73F676A34A0,2026-07-12,ACCT-D73F676A34A0,ACH,Online,2374.73,processed,,West,2.1
TXN-1123CE2B71EB,2026-07-01,ACCT-1123CE2B71EB,Card,Mobile,202.13,processed,,West,10.4
TXN-F244EC3ECB53,2026-09-15,ACCT-F244EC3ECB53,Card,Online,328.74,processed,,Midwest,2.2
TXN-EAAB676A6E41,2026-07-27,ACCT-EAAB676A6E41,Card,Mobile,282.48,processed,,West,9.1
TXN-9DDE7ECEDC83,2026-06-24,ACCT-9DDE7ECEDC83,Wire,Call Center,13973.79,processed,,Midwest,10.9
TXN-672957962470,2026-07-27,ACCT-672957962470,Wire,Branch,45678.11,processed,,Northeast,18.5
TXN-0D4112730FB1,2026-09-09,ACCT-0D4112730FB1,Check,Branch,8850.6,processed,,Midwest,1.2
TXN-0566B75AAC4A,2026-08-14,ACCT-0566B75AAC4A,Zelle/P2P,Online,308.21,processed,,Southwest,2.5
TXN-BF30ED96384D,2026-07-29,ACCT-BF30ED96384D,Card,Mobile,75.04,processed,,Southwest,10.7
TXN-95C980A35562,2026-09-16,ACCT-95C980A35562,Check,Branch,5513.93,processed,,West,3.7
TXN-89A187414405,2026-06-25,ACCT-89A187414405,Zelle/P2P,Mobile,454.6,processed,,West,1.3
TXN-641F2ACADF33,2026-08-01,ACCT-641F2ACADF33,ACH,Mobile,1736.26,processed,,Southeast,12.3
TXN-B3E23BCEE2CC,2026-07-08,ACCT-B3E23BCEE2CC,Zelle/P2P,Mobile,1610.37,processed,,Southeast,0.9
TXN-E1193F9BAE46,2026-08-19,ACCT-E1193F9BAE46,ACH,API,1810.42,processed,,West,3.4
TXN-BD6AEE060CA7,2026-07-14,ACCT-BD6AEE060CA7,Check,Mobile,2800.24,processed,,Midwest,4.2
TXN-E7F912A13181,2026-09-03,ACCT-E7F912A13181,Check,Mobile,680.29,processed,,Northeast,2.3
TXN-DEE71B933E85,2026-09-16,ACCT-DEE71B933E85,ACH,API,1780.67,processed,,West,7.4
TXN-CDBE4E7E26E3,2026-08-31,ACCT-CDBE4E7E26E3,Check,ATM,631.29,processed,,Northeast,10.7
TXN-73E2CAB971D7,2026-06-25,ACCT-73E2CAB971D7,Wire,Branch,28038.23,processed,,Southeast,2.2
TXN-123863CD3FD1,2026-07-09,ACCT-123863CD3FD1,Zelle/P2P,Mobile,517.2,processed,,Southwest,19.4
TXN-4BF54947363F,2026-07-27,ACCT-4BF54947363F,ACH,Online,5127.17,processed,,Northeast,2.7
TXN-472DC7F2D1D5,2026-08-27,ACCT-472DC7F2D1D5,ACH,Online,15486.28,processed,,Southeast,1.6
TXN-4B2AA50B91B5,2026-06-29,ACCT-4B2AA50B91B5,ACH,API,1298.13,processed,,Northeast,1.6
TXN-476813A90145,2026-09-04,ACCT-476813A90145,ACH,API,4355.36,processed,,Southwest,8.9
TXN-7DFCA4BE5858,2026-08-11,ACCT-7DFCA4BE5858,ACH,API,7577.93,processed,,Southwest,3.7
TXN-ECAC903EA62D,2026-08-06,ACCT-ECAC903EA62D,Check,Branch,5591.01,processed,,West,1.0
TXN-86CBD9DEC45D,2026-07-17,ACCT-86CBD9DEC45D,Zelle/P2P,Mobile,1020.39,processed,,Northeast,0.9
TXN-CC79AF772167,2026-08-19,ACCT-CC79AF772167,Card,Mobile,763.28,processed,,Southwest,2.7
TXN-69AEA024A307,2026-09-21,ACCT-69AEA024A307,Card,ATM,75.15,processed,,West,1.4
TXN-68C599738E42,2026-07-24,ACCT-68C599738E42,Zelle/P2P,Mobile,1169.32,processed,,Midwest,4.9
TXN-9347E63DCF14,2026-07-16,ACCT-9347E63DCF14,Card,Mobile,350.52,processed,,Southeast,1.1
TXN-BA75E6190F20,2026-07-28,ACCT-BA75E6190F20,ACH,Online,4813.44,failed,,Southeast,14.4
TXN-958F34269C3D,2026-06-29,ACCT-958F34269C3D,Card,Mobile,39.34,processed,,Southwest,2.0
TXN-A4A6BF314720,2026-07-15,ACCT-A4A6BF314720,Bill Pay,Mobile,86.81,processed,,West,6.4
TXN-9E6A72557ADA,2026-07-21,ACCT-9E6A72557ADA,ACH,API,724.9,processed,,Southwest,9.8
TXN-E71B7B18EF23,2026-09-14,ACCT-E71B7B18EF23,Wire,Online,100553.5,processed,,West,24.1
TXN-FA22EECE87A2,2026-08-21,ACCT-FA22EECE87A2,ACH,Mobile,1085.68,processed,,Midwest,2.6
TXN-11B59823B8B6,2026-09-15,ACCT-11B59823B8B6,Card,ATM,298.58,processed,,Midwest,3.5
TXN-398FD2E543DB,2026-06-30,ACCT-398FD2E543DB,Check,Branch,233.92,processed,,Southeast,6.1
TXN-FFCE453693CA,2026-08-26,ACCT-FFCE453693CA,ACH,Mobile,338.66,exception,Amount exceeds limit,Southeast,10.6
TXN-020F796C60AE,2026-08-27,ACCT-020F796C60AE,Card,Online,429.44,processed,,Southeast,0.4
TXN-4138BBADFE55,2026-08-11,ACCT-4138BBADFE55,Check,Branch,11462.78,processed,,Midwest,12.5
TXN-4CE8E34205BC,2026-07-30,ACCT-4CE8E34205BC,ACH,Branch,4541.57,processed,,Southwest,2.4
TXN-D5E922602CC2,2026-06-30,ACCT-D5E922602CC2,Card,Mobile,405.59,processed,,West,3.8
TXN-78A69C6FDC7B,2026-09-08,ACCT-78A69C6FDC7B,Bill Pay,Online,518.49,processed,,Southeast,3.1
TXN-829600BB4D33,2026-07-28,ACCT-829600BB4D33,ACH,Branch,1909.9,processed,,Southeast,1.1
TXN-8E221B472F53,2026-09-16,ACCT-8E221B472F53,Card,ATM,185.37,processed,,Southwest,2.7
TXN-AF6A21833B5A,2026-07-30,ACCT-AF6A21833B5A,Zelle/P2P,Mobile,6766.73,pending,,Southwest,1.5
TXN-0734290CB7D0,2026-07-28,ACCT-0734290CB7D0,ACH,API,19727.4,processed,,West,12.4
TXN-BD32EE156982,2026-07-16,ACCT-BD32EE156982,ACH,Branch,19535.77,processed,,Northeast,3.3
TXN-30F085740ADF,2026-09-08,ACCT-30F085740ADF,ACH,Mobile,2893.65,processed,,Northeast,8.1
TXN-E9A82BC98DFB,2026-08-10,ACCT-E9A82BC98DFB,Card,Mobile,154.78,processed,,Southeast,2.8
TXN-301F914F7F5A,2026-08-02,ACCT-301F914F7F5A,Card,Online,541.25,processed,,Southeast,1.1
TXN-CA1EBCFCDB2B,2026-08-13,ACCT-CA1EBCFCDB2B,Zelle/P2P,Mobile,149.67,exception,Account number mismatch,Midwest,2.3
TXN-FE4CB0527FED,2026-06-30,ACCT-FE4CB0527FED,Card,Mobile,51.89,processed,,Southwest,3.1
TXN-98DC0608A3AE,2026-09-04,ACCT-98DC0608A3AE,ACH,Mobile,1932.05,processed,,Southwest,55.7
TXN-FD86255AD92A,2026-07-27,ACCT-FD86255AD92A,Check,Branch,2255.07,processed,,West,5.4
TXN-C655D4BBFEE8,2026-08-25,ACCT-C655D4BBFEE8,Card,Online,91.54,processed,,Southeast,1.7
TXN-55A4333563CC,2026-09-10,ACCT-55A4333563CC,Bill Pay,Online,2169.71,processed,,Midwest,2.7
TXN-94169B53E3B8,2026-09-11,ACCT-94169B53E3B8,Card,Mobile,328.85,processed,,Southwest,2.6
TXN-49E4C301DB3F,2026-09-07,ACCT-49E4C301DB3F,Zelle/P2P,Online,414.61,processed,,Northeast,52.1
TXN-8E2D91DA4E36,2026-08-20,ACCT-8E2D91DA4E36,Bill Pay,Online,111.95,processed,,Midwest,4.7
TXN-1706BE6C2934,2026-08-02,ACCT-1706BE6C2934,Card,Mobile,103.97,processed,,,27.8
TXN-3A76FE0540B6,2026-07-03,ACCT-3A76FE0540B6,ACH,Branch,1363.22,processed,,Midwest,5.2
TXN-45390FDB674E,2026-07-06,ACCT-45390FDB674E,ACH,Mobile,739.18,processed,,Southwest,5.1
TXN-DE7AA1425EDD,2026-08-31,ACCT-DE7AA1425EDD,Card,Online,206.03,processed,,Northeast,3.6
TXN-5E6A68690AB4,2026-07-28,ACCT-5E6A68690AB4,ACH,Online,3721.63,processed,,Midwest,0.9
TXN-2B169D27D9E5,2026-09-14,ACCT-2B169D27D9E5,Card,Mobile,31.47,processed,,Southeast,4.4
TXN-2B1EAA89B7B9,2026-07-01,ACCT-2B1EAA89B7B9,Check,Branch,2237.33,processed,,Midwest,3.3
TXN-B90E1BF574E6,2026-09-20,ACCT-B90E1BF574E6,Card,Mobile,209.6,processed,,Midwest,3.2
TXN-01D0E62A6D46,2026-07-11,ACCT-01D0E62A6D46,Card,Online,19.57,processed,,Northeast,2.0
TXN-CCD614C8D74B,2026-07-24,ACCT-CCD614C8D74B,Card,Mobile,49.0,processed,,Northeast,3.1
TXN-BDF27CC797D4,2026-08-11,ACCT-BDF27CC797D4,Bill Pay,Online,321.99,processed,,Southwest,2.3
TXN-0D61E38B3645,2026-08-13,ACCT-0D61E38B3645,ACH,Mobile,1960.37,processed,,Southwest,9.9
TXN-1BF72FDE42B6,2026-07-07,ACCT-1BF72FDE42B6,ACH,Online,7434.72,processed,,Southwest,4.4
TXN-08C159CB811C,2026-09-15,ACCT-08C159CB811C,Wire,Branch,7813.21,processed,,Midwest,2.4
TXN-4C71C23D484B,2026-07-09,ACCT-4C71C23D484B,ACH,Branch,3437.46,failed,,Southwest,7.6
TXN-67D4E7EB6FB0,2026-09-01,ACCT-67D4E7EB6FB0,Card,Mobile,350.21,processed,,Southeast,9.0
TXN-B3D966A64602,2026-07-03,ACCT-B3D966A64602,Check,Mobile,7336.92,processed,,Northeast,4.8
TXN-F3EF78E4B399,2026-08-06,ACCT-F3EF78E4B399,Card,Online,838.65,processed,,Southwest,4.6
TXN-DCA00C4A9B55,2026-07-16,ACCT-DCA00C4A9B55,Card,Mobile,13.9,processed,,Southeast,4.0
TXN-C4782924E837,2026-08-10,ACCT-C4782924E837,ACH,API,7259.54,processed,,Southwest,2.5
TXN-9701C0FA61CE,2026-09-15,ACCT-9701C0FA61CE,Bill Pay,Call Center,1125.48,processed,,Northeast,1.0
TXN-86556CEE51CE,2026-08-03,ACCT-86556CEE51CE,Zelle/P2P,Online,1396.7,processed,,West,0.3
TXN-BAA05E4456E6,2026-06-30,ACCT-BAA05E4456E6,ACH,Online,412.41,processed,,Southeast,6.9
TXN-5920F16D3D80,2026-07-24,ACCT-5920F16D3D80,Check,ATM,6121.32,processed,,Northeast,1.0
TXN-A6EBCB693E61,2026-08-05,ACCT-A6EBCB693E61,ACH,API,1484.61,pending,,Northeast,4.4
TXN-07B80DB10C00,2026-07-15,ACCT-07B80DB10C00,Card,Mobile,66.89,processed,,Northeast,4.1
TXN-7540114CC9CB,2026-09-01,ACCT-7540114CC9CB,Card,Mobile,699.58,processed,,Southwest,1.6
TXN-56064AA38F88,2026-09-01,ACCT-56064AA38F88,ACH,Online,3362.04,processed,,Southeast,6.1
TXN-B83C68B83D3D,2026-08-16,ACCT-B83C68B83D3D,Card,Mobile,162.14,processed,,Midwest,9.6
TXN-91A2F29D73D8,2026-08-02,ACCT-91A2F29D73D8,Card,ATM,202.96,processed,,West,2.5
TXN-3A283F21B98B,2026-07-04,ACCT-3A283F21B98B,Card,Online,75.86,processed,,Midwest,2.2
TXN-240029880E96,2026-08-28,ACCT-240029880E96,ACH,API,3156.4,processed,,Southeast,0.8
TXN-8F7012855595,2026-06-29,ACCT-8F7012855595,Zelle/P2P,Mobile,309.31,processed,,Southwest,1.2
TXN-E10FE21D4C22,2026-08-28,ACCT-E10FE21D4C22,Card,Online,407.77,processed,,Northeast,1.1
TXN-C51E9BFE68E5,2026-08-26,ACCT-C51E9BFE68E5,ACH,API,10042.86,processed,,Southwest,5.8
TXN-805C94A358C1,2026-07-02,ACCT-805C94A358C1,Card,Online,70.85,processed,,Northeast,7.7
TXN-5C17CAC5569C,2026-07-29,ACCT-5C17CAC5569C,ACH,Branch,1720.78,processed,,Northeast,0.8
TXN-6EC0CF7B6175,2026-08-31,ACCT-6EC0CF7B6175,Card,Online,46.15,processed,,Northeast,2.0
TXN-2B242E622756,2026-07-23,ACCT-2B242E622756,Wire,Call Center,97678.89,pending,,Northeast,29.7
TXN-E1259B5E9F2F,2026-07-03,ACCT-E1259B5E9F2F,ACH,Online,5733.07,processed,,Midwest,0.3
TXN-05BE8ACE40A9,2026-09-11,ACCT-05BE8ACE40A9,Bill Pay,Online,167.93,exception,Insufficient funds,Southeast,12.9
TXN-60922AB40CC8,2026-07-27,ACCT-60922AB40CC8,Card,Mobile,70.78,processed,,West,1.3
TXN-8C08DF43F01E,2026-07-30,ACCT-8C08DF43F01E,ACH,Mobile,2938.35,processed,,Southeast,2.1
TXN-FEB85EE78D1F,2026-08-25,ACCT-FEB85EE78D1F,Bill Pay,Call Center,1778.15,processed,,Southeast,5.0
TXN-39C6915EED26,2026-08-07,ACCT-39C6915EED26,Card,ATM,33.1,processed,,Northeast,1.3
TXN-217A466A4611,2026-09-21,ACCT-217A466A4611,ACH,Mobile,2040.77,processed,,Midwest,0.7
TXN-88A1B0A61A5A,2026-07-03,ACCT-88A1B0A61A5A,Check,Mobile,5059.67,processed,,Midwest,2.3
TXN-31A07B71D368,2026-06-26,ACCT-31A07B71D368,Zelle/P2P,Online,152.32,processed,,Midwest,4.2
TXN-CFB951378D5F,2026-06-29,ACCT-CFB951378D5F,Bill Pay,Mobile,824.32,processed,,West,1.8
TXN-FB932B80EE3C,2026-08-12,ACCT-FB932B80EE3C,Card,Mobile,58.0,processed,,West,4.7
TXN-4589AD4845CC,2026-08-03,ACCT-4589AD4845CC,ACH,Online,6782.59,processed,,Northeast,2.2
TXN-EB78AFF86A51,2026-08-17,ACCT-EB78AFF86A51,Card,Mobile,70.47,processed,,Midwest,2.3
TXN-C67725A90F53,2026-07-15,ACCT-C67725A90F53,Zelle/P2P,Mobile,744.61,processed,,Southwest,3.8
TXN-60EAF35039B2,2026-07-30,ACCT-60EAF35039B2,Wire,Call Center,23541.9,processed,,Southeast,15.4
TXN-2DF9B259827F,2026-07-24,ACCT-2DF9B259827F,Check,ATM,2268.1,processed,,Southwest,7.0
TXN-C33DE0AD08DC,2026-06-24,ACCT-C33DE0AD08DC,Zelle/P2P,Mobile,329.03,processed,,West,2.4
TXN-EFB87065CA1C,2026-06-24,ACCT-EFB87065CA1C,ACH,Online,9141.71,processed,,Southwest,7.7
TXN-1142598A596C,2026-07-31,ACCT-1142598A596C,Zelle/P2P,Mobile,68.84,processed,,Southeast,1.6
TXN-181D0C8829A8,2026-07-08,ACCT-181D0C8829A8,Card,ATM,39.71,processed,,West,2.3
TXN-84AD4988D2F9,2026-07-09,ACCT-84AD4988D2F9,ACH,Online,604.73,processed,,Midwest,6.8
TXN-735A932ECE89,2026-07-21,ACCT-735A932ECE89,Card,Mobile,174.92,processed,,Northeast,4.5
TXN-4D378DEC1F63,2026-07-17,ACCT-4D378DEC1F63,Bill Pay,Online,498.64,processed,,Southeast,16.6
TXN-57DA99E09188,2026-07-01,ACCT-57DA99E09188,Zelle/P2P,Online,326.52,processed,,Southeast,3.3
TXN-A28F832B2C6C,2026-08-26,ACCT-A28F832B2C6C,ACH,Branch,3795.07,processed,,Northeast,0.5
TXN-C96F664D5D94,2026-08-24,ACCT-C96F664D5D94,Check,Branch,21950.26,processed,,Northeast,2.6
TXN-7B71704AFDA2,2026-07-17,ACCT-7B71704AFDA2,Zelle/P2P,Mobile,205.77,processed,,Southwest,5.1
TXN-FDD97D72F414,2026-09-04,ACCT-FDD97D72F414,Bill Pay,Online,377.94,processed,,Southeast,2.3
TXN-473E2C22F380,2026-08-24,ACCT-473E2C22F380,Card,Online,485.32,processed,,Southwest,15.7
TXN-D8B02F724AA7,2026-08-10,ACCT-D8B02F724AA7,ACH,API,5847.2,processed,,Northeast,2.5
TXN-B3610C07ABE6,2026-08-28,ACCT-B3610C07ABE6,Card,Online,475.27,processed,,Midwest,1.4
TXN-8C600AC353CE,2026-07-30,ACCT-8C600AC353CE,Zelle/P2P,Mobile,293.91,processed,,West,1.4
TXN-85EDAE05D7D3,2026-07-08,ACCT-85EDAE05D7D3,Zelle/P2P,Mobile,7941.34,processed,,Southeast,7.7
TXN-F243F4F81DD3,2026-08-19,ACCT-F243F4F81DD3,ACH,Mobile,2069.17,processed,,Southwest,0.8
TXN-62DC22AD2998,2026-08-08,ACCT-62DC22AD2998,Wire,Call Center,10084.75,processed,,Southwest,16.6
TXN-D3E18BB4766A,2026-09-06,ACCT-D3E18BB4766A,ACH,API,1629.8,processed,,West,9.4
TXN-2850D21E6F81,2026-08-02,ACCT-2850D21E6F81,Check,Branch,9279.71,processed,,Midwest,7.4
TXN-7612BE99CDA6,2026-08-11,ACCT-7612BE99CDA6,Wire,Call Center,5543.5,processed,,Southwest,4.2
TXN-D0D1EC183968,2026-08-06,ACCT-D0D1EC183968,Card,Online,52.52,processed,,West,2.8
TXN-6724EDBBC3FA,2026-08-20,ACCT-6724EDBBC3FA,Wire,Branch,31440.46,processed,,Midwest,4.1
TXN-E1D897BD6BB2,2026-08-13,ACCT-E1D897BD6BB2,ACH,Branch,485.35,failed,,Southwest,8.4
TXN-A4A642871B00,2026-08-31,ACCT-A4A642871B00,Check,Branch,2445.66,processed,,West,1.3
TXN-AB753049CDE6,2026-09-20,ACCT-AB753049CDE6,ACH,Mobile,5527.92,processed,,Northeast,1.7
TXN-C027DD7B42F4,2026-07-30,ACCT-C027DD7B42F4,Check,Branch,790.75,processed,,Southwest,3.1
TXN-CDC564D942A3,2026-08-12,ACCT-CDC564D942A3,Card,Online,48.71,exception,Insufficient funds,Southwest,22.1
TXN-3A18689E189E,2026-09-21,ACCT-3A18689E189E,Zelle/P2P,Online,168.61,processed,,Northeast,12.3
TXN-1B20262E86B6,2026-09-10,ACCT-1B20262E86B6,Card,Mobile,147.34,processed,,Southeast,1.9
TXN-359CE24BCB5E,2026-08-01,ACCT-359CE24BCB5E,Zelle/P2P,Online,1512.46,processed,,West,1.6
TXN-4D1CCD3B1393,2026-09-17,ACCT-4D1CCD3B1393,ACH,Online,8785.9,processed,,Southwest,16.1
TXN-4CE1740F1397,2026-07-31,ACCT-4CE1740F1397,Wire,Online,63918.89,processed,,Northeast,24.7
TXN-D95845DD7F99,2026-09-18,ACCT-D95845DD7F99,Zelle/P2P,Mobile,76.1,processed,,West,1.5
TXN-634BCE1B7159,2026-07-29,ACCT-634BCE1B7159,Check,Branch,16428.37,processed,,Midwest,16.8
TXN-D41C8B41C95D,2026-08-04,ACCT-D41C8B41C95D,ACH,Mobile,2229.59,processed,,Northeast,2.2
TXN-63ECBFA3A1AD,2026-07-17,ACCT-63ECBFA3A1AD,ACH,API,24119.44,processed,,Southwest,14.3
TXN-823DE0EA3549,2026-07-08,ACCT-823DE0EA3549,Bill Pay,Online,476.89,failed,,Southeast,7.8
TXN-4197947A45E5,2026-09-17,ACCT-4197947A45E5,Card,Online,246.91,processed,,Southwest,1.1
TXN-7A30828E6D06,2026-07-10,ACCT-7A30828E6D06,ACH,Mobile,3121.27,processed,,West,3.0
TXN-4CEBC87B0D9F,2026-08-07,ACCT-4CEBC87B0D9F,Bill Pay,Mobile,2737.15,processed,,Northeast,2.7
TXN-F1553CA5BC3A,2026-09-05,ACCT-F1553CA5BC3A,Card,Online,120.69,processed,,Midwest,39.3
TXN-479886B5A540,2026-09-07,ACCT-479886B5A540,Card,Mobile,61.96,processed,,Midwest,2.1
TXN-831D606C1FF4,2026-07-24,ACCT-831D606C1FF4,Zelle/P2P,Mobile,1016.85,processed,,Northeast,1.5
TXN-2F1987BF98C0,2026-08-13,ACCT-2F1987BF98C0,Check,ATM,6025.59,failed,,Southeast,2.6
TXN-CB7E29706787,2026-08-03,ACCT-CB7E29706787,Zelle/P2P,Mobile,228.9,processed,,West,1.8
TXN-665B60A4FCF8,2026-08-05,ACCT-665B60A4FCF8,ACH,Online,3150.31,processed,,Northeast,3.8
TXN-E54E340240CD,2026-06-30,ACCT-B551CBC5F5AC,Zelle/P2P,Mobile,24.72,processed,,Midwest,14.8
TXN-080D8DCC531C,2026-09-10,ACCT-080D8DCC531C,ACH,Branch,1582.07,processed,,Southeast,1.3
TXN-467D2D6C5B57,2026-09-02,ACCT-467D2D6C5B57,Wire,Call Center,39278.64,processed,,West,13.4
TXN-659C23BDD451,2026-09-21,ACCT-659C23BDD451,Card,Mobile,359.83,processed,,West,2.8
TXN-9DF82FF1547B,2026-09-16,ACCT-9DF82FF1547B,Zelle/P2P,Mobile,207.53,processed,,West,5.0
TXN-36486CE645C1,2026-07-31,ACCT-36486CE645C1,Check,Mobile,7511.31,processed,,Midwest,1.9
TXN-4BEC6AD24E22,2026-07-12,ACCT-4BEC6AD24E22,Card,Online,236.3,processed,,Northeast,7.7
TXN-D1027107CDA8,2026-07-30,ACCT-D1027107CDA8,Check,Branch,1420.86,processed,,Southwest,2.7
TXN-ED53BE91419F,2026-07-28,ACCT-ED53BE91419F,Bill Pay,Mobile,1416.11,processed,,Southwest,1.2
TXN-6D686C523ACC,2026-06-25,ACCT-7D60B02BFCFF,Bill Pay,Online,730.37,processed,,Northeast,1.7
TXN-9E468662812F,2026-07-07,ACCT-9E468662812F,Zelle/P2P,Mobile,1339.54,processed,,Northeast,0.7
TXN-207DAB2A6D25,2026-09-13,ACCT-207DAB2A6D25,Wire,Call Center,296037.48,failed,,Southeast,63.2
TXN-11D19C4E9980,2026-07-21,ACCT-11D19C4E9980,ACH,API,1778.96,processed,,Northeast,1.9
TXN-72ABACB09477,2026-06-28,ACCT-72ABACB09477,Check,Mobile,20854.56,pending,,Southwest,11.0
TXN-6F8B2A214159,2026-08-31,ACCT-6F8B2A214159,ACH,Online,13360.78,failed,,Southeast,28.7
TXN-1FC0D3390FC0,2026-07-15,ACCT-1FC0D3390FC0,Zelle/P2P,Mobile,330.38,processed,,Southeast,6.6
TXN-9862C778F98D,2026-06-29,ACCT-9862C778F98D,ACH,API,7767.48,processed,,Southwest,16.1
TXN-23262259FB49,2026-07-10,ACCT-23262259FB49,ACH,Branch,1431.82,processed,,Southeast,11.5
TXN-7AD3866CA9AB,2026-08-04,ACCT-7AD3866CA9AB,Bill Pay,Online,1947.55,processed,,Northeast,2.0
TXN-08C201E46202,2026-07-03,ACCT-08C201E46202,Card,Mobile,289.86,processed,,Midwest,1.1
TXN-8B2BCA4885B0,2026-08-28,ACCT-8B2BCA4885B0,ACH,Online,23292.76,processed,,West,2.0
TXN-0E04372BBDAE,2026-09-11,ACCT-0E04372BBDAE,Zelle/P2P,Mobile,273.32,processed,,Midwest,0.6
TXN-9B1267CB48C3,2026-07-13,ACCT-9B1267CB48C3,Card,Online,254.94,processed,,Southeast,7.6
TXN-849CA9AB560D,2026-07-14,ACCT-849CA9AB560D,Zelle/P2P,Online,2975.0,processed,,Midwest,4.5
TXN-C04BE00DCD62,2026-07-01,ACCT-C04BE00DCD62,Zelle/P2P,Mobile,219.38,processed,,Southeast,2.7
TXN-DEDC772A9209,2026-07-20,ACCT-DEDC772A9209,ACH,Online,4522.29,processed,,Midwest,1.3
TXN-BA97DB3B1045,2026-09-02,ACCT-BA97DB3B1045,Card,Mobile,257.38,pending,,West,1.8
TXN-E5E53C784D5D,2026-07-07,ACCT-E5E53C784D5D,Bill Pay,Mobile,1163.13,processed,,Southwest,4.4
TXN-A762AFDE67E0,2026-09-04,ACCT-A762AFDE67E0,ACH,API,9855.52,processed,,Southwest,1.7
TXN-EC74F36C7168,2026-09-07,ACCT-EC74F36C7168,Card,Mobile,21.87,processed,,Northeast,2.7
TXN-727F1CF0F225,2026-08-28,ACCT-727F1CF0F225,Wire,Online,84303.94,processed,,Northeast,10.2
TXN-BF8292A5FDDE,2026-07-27,ACCT-BF8292A5FDDE,Wire,Online,60816.19,processed,,Southeast,1.5
TXN-9E3A1A72DC66,2026-07-15,ACCT-9E3A1A72DC66,ACH,Online,3137.25,processed,,West,10.2
TXN-812DF926876A,2026-07-22,ACCT-812DF926876A,ACH,Online,2446.35,processed,,Southeast,3.2
TXN-4AA7C75F447A,2026-08-10,ACCT-4AA7C75F447A,ACH,Mobile,896.88,processed,,West,4.3
TXN-1B755F0DF07E,2026-08-07,ACCT-1B755F0DF07E,Wire,Call Center,38394.15,failed,,Northeast,43.2
TXN-AA72A6AD1036,2026-07-11,ACCT-2DC366499884,ACH,Online,414.88,processed,,Southeast,3.9
TXN-EBF704B30372,2026-08-21,ACCT-EBF704B30372,Zelle/P2P,Mobile,933.55,processed,,Midwest,12.3
TXN-CCCA201D4BC9,2026-08-29,ACCT-CCCA201D4BC9,Zelle/P2P,Mobile,104.3,processed,,Midwest,1.4
TXN-62D0407F1998,2026-07-27,ACCT-62D0407F1998,Bill Pay,Online,76.66,processed,,Midwest,3.3
TXN-BCBA221696A5,2026-09-17,ACCT-BCBA221696A5,Zelle/P2P,Online,351.22,processed,,Northeast,0.6
TXN-B640605C8261,2026-07-31,ACCT-B640605C8261,ACH,Online,4089.11,processed,,Southeast,3.9
TXN-1062F807E711,2026-07-31,ACCT-1062F807E711,ACH,Online,5768.16,processed,,Northeast,3.9
TXN-DFE7941C5380,2026-09-09,ACCT-DFE7941C5380,ACH,Branch,2066.93,processed,,Northeast,18.3
TXN-79C4D0E9EFC7,2026-07-21,ACCT-79C4D0E9EFC7,Zelle/P2P,Online,166.61,processed,,Southwest,2.7
TXN-748064BE03A0,2026-07-27,ACCT-748064BE03A0,Card,Online,112.72,processed,,West,3.4
TXN-21AB6510009B,2026-08-11,ACCT-21AB6510009B,Check,Mobile,1500.78,processed,,Northeast,5.8
TXN-F994E5ED26D3,2026-07-27,ACCT-F994E5ED26D3,Bill Pay,Online,205.67,processed,,Southeast,2.7
TXN-638333FED90E,2026-07-24,ACCT-638333FED90E,ACH,Branch,1171.28,processed,,Southeast,6.8
TXN-77EF7067A2BC,2026-09-08,ACCT-77EF7067A2BC,Zelle/P2P,Mobile,1147.85,processed,,West,8.5
TXN-269503E7504E,2026-07-14,ACCT-269503E7504E,Card,Online,722.61,processed,,West,0.9
TXN-9C6E898A8FAD,2026-07-23,ACCT-9C6E898A8FAD,Check,Mobile,686.4,processed,,Northeast,4.4
TXN-7F02EA9E3EDD,2026-07-22,ACCT-7F02EA9E3EDD,ACH,Branch,22403.51,processed,,Southwest,3.7
TXN-D3D9DAB50F60,2026-08-02,ACCT-D3D9DAB50F60,ACH,Branch,7955.7,processed,,Midwest,4.8
TXN-C4FC2F43EAA0,2026-08-08,ACCT-C4FC2F43EAA0,ACH,Mobile,6962.5,processed,,West,11.8
TXN-13875E7F1F84,2026-07-08,ACCT-13875E7F1F84,Card,Mobile,149.16,processed,,Southwest,5.2
TXN-B50EE39B2CBA,2026-08-03,ACCT-B50EE39B2CBA,Card,Mobile,144.78,processed,,Midwest,0.9
TXN-8CD6E509BC06,2026-09-14,ACCT-8CD6E509BC06,Zelle/P2P,Mobile,1236.47,processed,,West,18.1
TXN-0161E6A67637,2026-08-19,ACCT-0161E6A67637,Bill Pay,Online,350.61,processed,,Midwest,28.6
TXN-E1A2FCF4DA3D,2026-09-01,ACCT-E1A2FCF4DA3D,ACH,Mobile,2653.67,processed,,Midwest,7.7
TXN-88E1A9FF81D0,2026-08-18,ACCT-88E1A9FF81D0,Bill Pay,Online,315.84,processed,,West,1.5
TXN-03243C286D60,2026-08-07,ACCT-03243C286D60,Wire,Call Center,17259.25,processed,,West,11.0
TXN-7A982625E082,2026-07-23,ACCT-7A982625E082,Zelle/P2P,Online,1344.46,processed,,West,1.3
TXN-83814AF99106,2026-08-24,ACCT-83814AF99106,ACH,API,5624.87,pending,,West,0.3
TXN-9E6647A763E3,2026-08-27,ACCT-9E6647A763E3,Card,Online,1788.96,processed,,Northeast,4.1
TXN-1A6079F8F3A2,2026-08-05,ACCT-1A6079F8F3A2,ACH,Mobile,1175.68,failed,,Northeast,4.0
TXN-0EB88DAA785D,2026-07-22,ACCT-0EB88DAA785D,ACH,Online,14080.62,processed,,West,0.6
TXN-4C609F1B7371,2026-09-14,ACCT-4C609F1B7371,ACH,Mobile,1244.37,processed,,Midwest,6.6
TXN-84431D566E76,2026-08-04,ACCT-84431D566E76,Bill Pay,Online,7468.97,processed,,West,0.4
TXN-DE5C5A613F83,2026-08-27,ACCT-DE5C5A613F83,Zelle/P2P,Mobile,331.91,processed,,Southeast,0.8
TXN-86EA264C34A8,2026-08-07,ACCT-86EA264C34A8,Zelle/P2P,Mobile,3427.11,processed,,Midwest,4.8
TXN-326B449865AB,2026-07-29,ACCT-326B449865AB,Card,Online,85.81,processed,,West,4.0
TXN-BB9411E88BBE,2026-08-06,ACCT-BB9411E88BBE,Bill Pay,Online,75.06,processed,,Northeast,1.5
TXN-755517A14BFB,2026-07-12,ACCT-755517A14BFB,Wire,Branch,43137.15,processed,,Northeast,10.2
TXN-BB91DAA56789,2026-07-01,ACCT-BB91DAA56789,Card,Online,25.37,processed,,Northeast,1.9
TXN-B17C43875BBF,2026-09-02,ACCT-B17C43875BBF,ACH,Online,10267.32,processed,,West,15.3
TXN-5E01677ADC8D,2026-09-21,ACCT-5E01677ADC8D,Card,Online,205.53,processed,,Southwest,5.4
TXN-C3B109C7B1E3,2026-09-04,ACCT-C3B109C7B1E3,Bill Pay,Online,529.71,processed,,Southeast,4.1
TXN-7455C004ACA0,2026-09-17,ACCT-7455C004ACA0,ACH,API,2473.41,processed,,Southeast,4.8
TXN-32E0398AC750,2026-09-08,ACCT-32E0398AC750,ACH,Online,1079.31,processed,,Midwest,1.4
TXN-71EEFC108F96,2026-07-14,ACCT-71EEFC108F96,Card,Online,74.67,exception,Stale dated,Midwest,8.2
TXN-4F97F2EEBF92,2026-08-14,ACCT-4F97F2EEBF92,ACH,Online,5630.82,exception,Account number mismatch,Midwest,10.0
TXN-6EBF94248D76,2026-08-05,ACCT-6EBF94248D76,ACH,Mobile,1527.24,processed,,Southwest,5.0
TXN-39C94775332F,2026-08-14,ACCT-39C94775332F,Wire,Branch,6667.12,processed,,Southeast,7.8
TXN-4F24F33B323B,2026-08-25,ACCT-4F24F33B323B,ACH,API,6382.45,processed,,Midwest,5.2
TXN-BE60E96B585B,2026-09-07,ACCT-BE60E96B585B,Card,Online,368.58,processed,,Northeast,12.4
TXN-EC5DBD55677B,2026-09-08,ACCT-EC5DBD55677B,Check,Branch,2428.3,processed,,West,4.1
TXN-5D019F4830B7,2026-07-24,ACCT-5D019F4830B7,Card,ATM,509.49,processed,,Northeast,33.6
TXN-3FE02CCDF3E4,2026-07-23,ACCT-3FE02CCDF3E4,Zelle/P2P,Online,103.05,processed,,Midwest,1.6
TXN-3B45208030EC,2026-07-15,ACCT-3B45208030EC,Card,ATM,83.52,pending,,Northeast,2.4
TXN-5933B0B35D5D,2026-08-04,ACCT-5933B0B35D5D,ACH,Online,6336.63,processed,,Northeast,7.4
TXN-B55E2D5A5E17,2026-07-18,ACCT-B55E2D5A5E17,Card,Mobile,341.51,processed,,Southeast,6.8
TXN-83595636FF96,2026-08-24,ACCT-83595636FF96,Zelle/P2P,Mobile,897.64,processed,,Southwest,3.7
TXN-15BFC05C86B7,2026-08-10,ACCT-15BFC05C86B7,Bill Pay,Online,1891.92,processed,,Midwest,4.3
TXN-C679184BC4AD,2026-09-21,ACCT-C679184BC4AD,Check,Branch,3861.32,processed,,Midwest,4.8
TXN-388587A4A0EA,2026-08-28,ACCT-388587A4A0EA,Zelle/P2P,Mobile,636.63,processed,,Northeast,2.3
TXN-33AC5A8E92D7,2026-08-30,ACCT-33AC5A8E92D7,Card,Mobile,61.61,processed,,Midwest,5.6
TXN-5163CC6B6C0C,2026-07-24,ACCT-5163CC6B6C0C,Bill Pay,Mobile,2793.1,processed,,Southeast,2.0
TXN-ED4A9721BC17,2026-08-17,ACCT-ED4A9721BC17,Card,Online,211.7,failed,,Northeast,23.4
TXN-04CCBBFCC420,2026-07-31,ACCT-04CCBBFCC420,Card,Online,38.95,processed,,Southwest,1.8
TXN-51C39B258896,2026-08-31,ACCT-51C39B258896,ACH,API,1896.83,processed,,Midwest,1.9
TXN-196F32702162,2026-09-15,ACCT-196F32702162,Card,Online,675.84,processed,,Midwest,7.5
TXN-DCEEB19F793C,2026-09-03,ACCT-DCEEB19F793C,Check,ATM,1568.23,failed,,Southeast,5.0
TXN-33D936F40A65,2026-07-06,ACCT-33D936F40A65,ACH,Online,2357.41,processed,,Northeast,3.6
TXN-635C3C894522,2026-08-07,ACCT-635C3C894522,ACH,Branch,4911.77,processed,,West,15.3
TXN-2A49F9DFE69E,2026-06-28,ACCT-2A49F9DFE69E,ACH,Mobile,935.63,processed,,Southwest,2.0
TXN-17EBCECD0E93,2026-07-21,ACCT-17EBCECD0E93,ACH,Online,2394.67,processed,,Midwest,4.5
TXN-24A05F4D1305,2026-08-18,ACCT-24A05F4D1305,Bill Pay,Mobile,827.15,processed,,Southeast,3.2
TXN-621C052F2F82,2026-07-28,ACCT-621C052F2F82,Bill Pay,Mobile,2554.87,processed,,Northeast,4.8
TXN-0A41258C17F3,2026-08-24,ACCT-0A41258C17F3,Zelle/P2P,Online,174.35,processed,,Southeast,2.5
TXN-462C39F8E9BB,2026-09-21,ACCT-462C39F8E9BB,ACH,Online,1847.14,processed,,Northeast,2.0
TXN-BC26F0A11802,2026-08-27,ACCT-BC26F0A11802,Bill Pay,Mobile,331.2,exception,Hold / compliance review,Northeast,7.7
TXN-DABD08ED1D7C,2026-07-05,ACCT-DABD08ED1D7C,Card,Mobile,387.59,processed,,Midwest,9.2
TXN-E3F7D07DAFE2,2026-07-23,ACCT-E3F7D07DAFE2,Card,Mobile,263.85,processed,,Midwest,1.3
TXN-3A5A0A1D9F8B,2026-07-09,ACCT-3A5A0A1D9F8B,ACH,Mobile,2657.71,processed,,Southwest,7.4
TXN-1C1E602F6742,2026-07-02,ACCT-1C1E602F6742,Zelle/P2P,Mobile,339.02,processed,,Southeast,11.4
TXN-C50C4D67BA85,2026-09-10,ACCT-C50C4D67BA85,Card,Online,74.27,processed,,Midwest,9.8
TXN-9AEF5EA10C09,2026-08-31,ACCT-9AEF5EA10C09,Check,Branch,4670.36,processed,,Northeast,2.5
TXN-AE6BCFEE6DD6,2026-08-23,ACCT-AE6BCFEE6DD6,Card,ATM,11.08,processed,,Midwest,1.2
TXN-285CD61CCBBA,2026-07-20,ACCT-285CD61CCBBA,Check,ATM,895.86,processed,,Northeast,1.9
TXN-A5729FAE6ED4,2026-07-06,ACCT-E26F3716ADBE,Card,Mobile,307.97,processed,,West,2.0
TXN-0F6EF22DC220,2026-08-11,ACCT-0F6EF22DC220,ACH,API,2041.14,processed,,West,3.2
TXN-DAE171829AB9,2026-08-25,ACCT-DAE171829AB9,ACH,API,1198.93,processed,,Northeast,8.3
TXN-BEABA038A070,2026-07-14,ACCT-BEABA038A070,Zelle/P2P,Mobile,287.81,processed,,Northeast,1.0
TXN-C84AFB49D751,2026-07-31,ACCT-C84AFB49D751,ACH,Online,4793.63,processed,,Northeast,11.7
TXN-12F26AF0DCDF,2026-09-21,ACCT-12F26AF0DCDF,Bill Pay,Mobile,2487.23,failed,,Northeast,2.6
TXN-C11E40334AFD,2026-08-20,ACCT-C11E40334AFD,Card,Mobile,41.97,processed,,Midwest,9.4
TXN-D9F00CE94066,2026-07-21,ACCT-D9F00CE94066,ACH,API,1116.3,processed,,Northeast,10.3
TXN-3490A8DA189C,2026-08-20,ACCT-3490A8DA189C,Check,Branch,2752.31,processed,,Southwest,1.8
TXN-B7D585ABFB0A,2026-07-09,ACCT-B7D585ABFB0A,Check,ATM,33660.41,processed,,Southeast,6.1
TXN-D9DF0DE11F4A,2026-08-30,ACCT-D9DF0DE11F4A,ACH,Mobile,844.67,processed,,West,8.9
TXN-9F3E62B138FD,2026-07-23,ACCT-9F3E62B138FD,Zelle/P2P,Mobile,505.1,processed,,Midwest,9.9
TXN-0720E95AB4CF,2026-08-05,ACCT-0720E95AB4CF,ACH,Online,897.44,processed,,Northeast,3.9
TXN-1BEACA50E619,2026-09-19,ACCT-1BEACA50E619,Card,ATM,184.08,processed,,Southwest,0.9
TXN-61C8C02FEC15,2026-07-16,ACCT-61C8C02FEC15,ACH,Online,5264.25,processed,,Northeast,14.6
TXN-BC7D252A3B41,2026-07-02,ACCT-BC7D252A3B41,Card,Mobile,248.59,processed,,Southeast,2.4
TXN-D1FF46F6BA31,2026-08-04,ACCT-D1FF46F6BA31,ACH,Online,1868.83,processed,,Southwest,3.4
TXN-81E5B819F951,2026-07-30,ACCT-81E5B819F951,ACH,API,2725.14,processed,,Southwest,1.2
TXN-07D7A0BE7F78,2026-07-02,ACCT-07D7A0BE7F78,ACH,Online,4329.9,processed,,Northeast,1.5
TXN-E71B48DA1302,2026-07-17,ACCT-AF8106E92652,Wire,Call Center,14691.69,processed,,West,1.2
TXN-373EC112D46D,2026-09-10,ACCT-373EC112D46D,Card,Online,40.8,processed,,Southeast,11.9
TXN-BE57E32C806E,2026-08-27,ACCT-BE57E32C806E,Check,Branch,5906.08,processed,,Southwest,1.3
TXN-CE8418CB52B7,2026-08-14,ACCT-CE8418CB52B7,Wire,Call Center,2625.6,processed,,Southeast,3.1
TXN-2984FE57EB8F,2026-07-07,ACCT-2984FE57EB8F,Card,Mobile,33.07,processed,,Southwest,3.7
TXN-E902F4987240,2026-06-30,ACCT-E902F4987240,Card,Mobile,50.31,failed,,Southwest,77.8
TXN-6CF43EE5BD50,2026-07-13,ACCT-6CF43EE5BD50,Card,Online,41.85,processed,,Southeast,2.2
TXN-27D8A3949993,2026-08-12,ACCT-27D8A3949993,ACH,Branch,4562.69,processed,,Midwest,5.2
TXN-F7F48475BDAD,2026-08-31,ACCT-F7F48475BDAD,Check,ATM,2049.04,processed,,Southwest,3.6
TXN-D95E14AF1C9E,2026-07-31,ACCT-D95E14AF1C9E,Card,Mobile,70.0,processed,,West,6.0
TXN-ECE4F5F0433A,2026-07-19,ACCT-ECE4F5F0433A,ACH,Branch,17698.27,processed,,Midwest,5.0
TXN-3A73CC85A35E,2026-08-26,ACCT-3A73CC85A35E,Bill Pay,Mobile,538.98,exception,Amount exceeds limit,Northeast,16.9
TXN-0788DC0391CB,2026-07-20,ACCT-0788DC0391CB,Zelle/P2P,Online,145.24,processed,,Southeast,5.3
TXN-70D432707EC2,2026-09-14,ACCT-70D432707EC2,Card,Online,304.38,processed,,West,4.4
TXN-6A17FA1AA6C8,2026-06-25,ACCT-6A17FA1AA6C8,Bill Pay,Online,954.2,processed,,Southeast,9.6
TXN-0772704BFACE,2026-08-31,ACCT-0772704BFACE,ACH,Online,81624.45,processed,,Midwest,2.5
TXN-73D509323A9A,2026-07-23,ACCT-73D509323A9A,ACH,Online,3426.8,processed,,Southwest,1.0
TXN-5FB1F2DAAEDC,2026-07-03,ACCT-5FB1F2DAAEDC,ACH,Online,18490.48,processed,,West,2.7
TXN-9100F5532557,2026-07-27,ACCT-9100F5532557,ACH,Branch,5846.74,processed,,West,1.2
TXN-CF2E4504404A,2026-09-06,ACCT-CF2E4504404A,Card,Mobile,24.52,processed,,West,1.4
TXN-BE399E5D5677,2026-08-10,ACCT-BE399E5D5677,Bill Pay,Online,104.61,processed,,Northeast,5.5
TXN-0E62C763ECDF,2026-08-14,ACCT-0E62C763ECDF,ACH,API,1501.2,failed,,Northeast,13.4
TXN-B71DC999A06A,2026-07-08,ACCT-B71DC999A06A,Card,Mobile,125.06,processed,,,6.7
TXN-2A2B09C5A18C,2026-09-11,ACCT-2A2B09C5A18C,ACH,Online,1759.63,processed,,Northeast,27.5
TXN-D35B342E0842,2026-07-13,ACCT-D35B342E0842,ACH,Online,2332.22,processed,,Southeast,1.1
TXN-9500313B1443,2026-07-30,ACCT-9500313B1443,Bill Pay,Online,4874.87,exception,Duplicate submission,Northeast,3.9
TXN-137FF590F6F4,2026-08-26,ACCT-137FF590F6F4,Check,Branch,13553.57,processed,,Southeast,6.5
TXN-B1D3C6FD8893,2026-09-07,ACCT-B1D3C6FD8893,Zelle/P2P,Online,2763.15,processed,,Southwest,3.3
TXN-B801559D3529,2026-09-16,ACCT-B801559D3529,Card,Mobile,195.49,processed,,Northeast,1.8
TXN-312E2C42912D,2026-08-31,ACCT-312E2C42912D,Bill Pay,Online,633.69,pending,,Midwest,3.2
TXN-05CFA031FCA1,2026-08-18,ACCT-05CFA031FCA1,ACH,Branch,3084.85,processed,,West,17.3
TXN-1BFCB4E431FF,2026-09-01,ACCT-1BFCB4E431FF,Bill Pay,Online,2138.84,processed,,Midwest,20.3
TXN-E401F2BD399F,2026-09-12,ACCT-E401F2BD399F,Card,Mobile,61.7,processed,,West,13.2
TXN-F3DF426D299D,2026-07-01,ACCT-F3DF426D299D,Card,Mobile,235.19,processed,,West,17.5
TXN-F80A085589B4,2026-08-10,ACCT-F80A085589B4,Card,Mobile,114.91,processed,,Southeast,3.3
TXN-858845CC4DEA,2026-08-24,ACCT-858845CC4DEA,ACH,API,550.88,processed,,Midwest,6.6
TXN-4772641F101B,2026-08-27,ACCT-4772641F101B,ACH,API,755.35,processed,,Southwest,1.5
TXN-A28E66426E4D,2026-07-13,ACCT-A28E66426E4D,Card,Online,143.87,processed,,Midwest,4.8
TXN-0615B89DBF44,2026-07-01,ACCT-0615B89DBF44,Card,Mobile,252.15,processed,,Southeast,0.9
TXN-8814780FBDF8,2026-06-26,ACCT-8814780FBDF8,ACH,Online,1777.22,processed,,Southeast,3.4
TXN-E8C3A41AD3E5,2026-07-21,ACCT-E8C3A41AD3E5,ACH,Mobile,1766.93,processed,,Southeast,4.4
TXN-4B227777D4DD,2026-07-02,ACCT-4B227777D4DD,Card,Online,833.77,processed,,Northeast,0.6
TXN-E3B88330DF03,2026-06-26,ACCT-160E5E610D97,ACH,Mobile,1497.91,processed,,Northeast,4.7
TXN-D3366BA5A450,2026-07-14,ACCT-D3366BA5A450,Card,Mobile,115.49,processed,,Midwest,7.0
TXN-3AA176F89EA6,2026-06-29,ACCT-3AA176F89EA6,Bill Pay,Online,330.36,processed,,Northeast,1.2
TXN-7E90E20654B5,2026-07-22,ACCT-7E90E20654B5,Wire,Call Center,16647.26,processed,,West,9.2
TXN-51B0EAA876AF,2026-08-24,ACCT-51B0EAA876AF,Card,Mobile,75.73,processed,,Southeast,6.9
TXN-09EDEDDD60AB,2026-07-02,ACCT-09EDEDDD60AB,ACH,Online,1254.08,processed,,Southeast,2.8
TXN-FAC0C3A9C629,2026-08-24,ACCT-FAC0C3A9C629,Card,ATM,2144.19,processed,,Southeast,3.1
TXN-935E65542922,2026-09-07,ACCT-935E65542922,Card,Mobile,541.5,processed,,Southwest,1.4
TXN-446B1117693C,2026-07-07,ACCT-446B1117693C,Wire,Branch,226181.79,processed,,Southwest,10.0
TXN-CAB5EACB9FB5,2026-07-09,ACCT-CAB5EACB9FB5,Zelle/P2P,Mobile,3477.84,exception,Insufficient funds,Northeast,11.5
TXN-0667A65BBB01,2026-07-19,ACCT-0667A65BBB01,Card,Mobile,581.35,processed,,Southeast,2.5
TXN-13D182F2D860,2026-07-11,ACCT-13D182F2D860,Card,Mobile,688.49,processed,,West,3.8
TXN-EFA224EC93C4,2026-07-28,ACCT-EFA224EC93C4,Check,Branch,1793.0,processed,,Northeast,2.8
TXN-DFBB11D26731,2026-07-28,ACCT-DFBB11D26731,ACH,Online,2047.33,exception,Hold / compliance review,Northeast,5.5
TXN-AF779E2D865D,2026-09-02,ACCT-AF779E2D865D,Bill Pay,Online,605.57,processed,,Southeast,3.5
TXN-31D2E77A36E3,2026-06-30,ACCT-31D2E77A36E3,Bill Pay,Online,1382.07,pending,,Southeast,12.2
TXN-022C90883C39,2026-09-08,ACCT-022C90883C39,Bill Pay,Mobile,833.59,processed,,Northeast,2.8
TXN-68C17AAC3A85,2026-06-25,ACCT-68C17AAC3A85,Zelle/P2P,Mobile,494.14,processed,,Southeast,8.7
TXN-A78F9755F8E6,2026-06-28,ACCT-A78F9755F8E6,ACH,Online,13817.3,processed,,Southeast,2.2
TXN-55542A2D1E96,2026-07-04,ACCT-55542A2D1E96,Check,Mobile,1029.63,processed,,West,1.3
TXN-FE0B9E9116D7,2026-07-25,ACCT-FE0B9E9116D7,ACH,Online,44725.34,processed,,West,3.1
TXN-43C33BC8917F,2026-08-21,ACCT-43C33BC8917F,ACH,Online,4510.4,processed,,Midwest,5.6
TXN-85FFD4A387C7,2026-08-05,ACCT-85FFD4A387C7,Card,Online,178.46,processed,,Northeast,8.0
TXN-4C5F863A2792,2026-07-01,ACCT-4C5F863A2792,Card,Online,81.42,processed,,Midwest,2.3
TXN-321077DEF6D5,2026-06-30,ACCT-321077DEF6D5,Card,Mobile,19.93,processed,,Northeast,8.4
TXN-AB8D9D49AA0D,2026-09-18,ACCT-AB8D9D49AA0D,ACH,Mobile,1135.71,processed,,Midwest,0.8
TXN-54A97C7AD53E,2026-09-03,ACCT-54A97C7AD53E,ACH,Online,5382.17,processed,,Southwest,1.7
TXN-3FF2B01874F2,2026-08-18,ACCT-3FF2B01874F2,ACH,Online,1832.07,processed,,Southwest,0.8
TXN-6E4084A5240A,2026-09-18,ACCT-6E4084A5240A,ACH,Online,3962.15,processed,,Southeast,31.1
TXN-135CEB4381C7,2026-07-31,ACCT-135CEB4381C7,Card,Online,165.97,processed,,West,5.0
TXN-8C8699214133,2026-07-30,ACCT-8C8699214133,Check,Branch,8356.01,processed,,Northeast,1.5
TXN-78EC928453CC,2026-08-26,ACCT-78EC928453CC,Check,Branch,2034.27,exception,Duplicate submission,Southwest,30.0
TXN-C14A9275F0E3,2026-08-10,ACCT-C14A9275F0E3,Bill Pay,Online,2123.89,processed,,Northeast,7.3
TXN-E94C0E6DCE7E,2026-08-11,ACCT-E94C0E6DCE7E,ACH,Mobile,9314.37,processed,,Southeast,1.0
TXN-EA359341C9E5,2026-08-28,ACCT-EA359341C9E5,Zelle/P2P,Online,542.25,exception,Stale dated,Northeast,16.9
TXN-360553E340CB,2026-06-25,ACCT-360553E340CB,Card,ATM,653.07,processed,,Northeast,13.1
TXN-DD5C1E2D9395,2026-08-13,ACCT-DD5C1E2D9395,ACH,Online,8602.59,processed,,Southeast,5.3
TXN-3F24906AB9B6,2026-07-22,ACCT-3F24906AB9B6,Bill Pay,Online,472.48,processed,,West,5.9
TXN-0EEB488B457B,2026-08-27,ACCT-0EEB488B457B,ACH,Online,3231.52,processed,,Southeast,0.7
TXN-98478276BBC8,2026-08-28,ACCT-98478276BBC8,Card,ATM,35.63,processed,,Southwest,1.8
TXN-124B51654AD8,2026-09-21,ACCT-124B51654AD8,Card,Mobile,22.75,exception,Amount exceeds limit,Southeast,12.8
TXN-E6A332A7754B,2026-07-18,ACCT-E6A332A7754B,ACH,API,12119.93,processed,,Southeast,4.9
TXN-9122F14587AC,2026-07-04,ACCT-9122F14587AC,ACH,Online,17732.02,processed,,Southwest,1.0
TXN-631D4B36C644,2026-08-21,ACCT-631D4B36C644,Card,ATM,60.93,processed,,Southwest,4.2
TXN-D8EB6448FE74,2026-07-08,ACCT-D8EB6448FE74,Zelle/P2P,Online,1117.4,failed,,West,42.6
TXN-A33ADFA2261C,2026-09-14,ACCT-A33ADFA2261C,Card,Online,324.56,processed,,Northeast,0.9
TXN-DB79CA4A838F,2026-07-17,ACCT-DB79CA4A838F,Card,Online,30.47,pending,,Southeast,2.3
TXN-DB0A5EE707E6,2026-07-30,ACCT-DB0A5EE707E6,Card,Mobile,85.68,processed,,Northeast,2.7
TXN-238DD5497576,2026-08-05,ACCT-238DD5497576,ACH,API,6447.01,processed,,Southeast,1.2
TXN-523434E227FB,2026-08-31,ACCT-523434E227FB,ACH,API,18241.83,processed,,Northeast,7.2
TXN-A3A65E3E8521,2026-08-06,ACCT-A3A65E3E8521,Bill Pay,Online,2175.22,processed,,Midwest,4.4
TXN-C9F3140EF5B7,2026-07-17,ACCT-C9F3140EF5B7,Card,Mobile,645.92,processed,,Northeast,3.3
TXN-1C66BB005867,2026-07-06,ACCT-1C66BB005867,Zelle/P2P,Mobile,1193.33,processed,,Northeast,3.6
TXN-DE0472D2DD79,2026-07-16,ACCT-DE0472D2DD79,Bill Pay,Online,8894.09,processed,,Southwest,2.8
TXN-C6B65ED8079B,2026-09-18,ACCT-C6B65ED8079B,Zelle/P2P,Mobile,261.36,processed,,West,3.3
TXN-EB0145692690,2026-07-17,ACCT-EB0145692690,Card,Online,153.25,processed,,Northeast,0.5
TXN-9A58D6AB3867,2026-07-21,ACCT-9A58D6AB3867,Zelle/P2P,Mobile,62.66,processed,,Southeast,2.1
TXN-8C9A013AB70C,2026-07-07,ACCT-8C9A013AB70C,Zelle/P2P,Mobile,1100.19,processed,,Midwest,2.6
TXN-6A3C33A09BEE,2026-06-26,ACCT-6A3C33A09BEE,Card,Mobile,142.81,processed,,Northeast,2.6
TXN-1EB39221B488,2026-09-04,ACCT-1EB39221B488,Wire,Call Center,8476.52,processed,,Northeast,2.9
TXN-554F2D8AE7FE,2026-07-16,ACCT-554F2D8AE7FE,Card,Mobile,155.51,processed,,Midwest,3.2
TXN-3A66E62344B9,2026-07-27,ACCT-3A66E62344B9,ACH,Mobile,9231.25,processed,,Southwest,5.1
TXN-A554D0EE2889,2026-07-31,ACCT-A554D0EE2889,ACH,API,1885.33,processed,,Southeast,3.4
TXN-35A751A88C84,2026-07-20,ACCT-35A751A88C84,Card,Mobile,118.26,processed,,West,3.7
TXN-FDCC6DE50BE3,2026-08-20,ACCT-FDCC6DE50BE3,Wire,Call Center,14987.02,processed,,Southeast,9.4
TXN-785A8F2C95A7,2026-09-03,ACCT-785A8F2C95A7,Bill Pay,Mobile,1061.7,processed,,Northeast,3.9
TXN-46372E864898,2026-08-28,ACCT-46372E864898,ACH,Mobile,1460.62,processed,,Southeast,4.2
TXN-10386A6A48BB,2026-08-25,ACCT-10386A6A48BB,ACH,Online,4260.49,processed,,West,0.4
TXN-B0FD422C23D7,2026-07-28,ACCT-B0FD422C23D7,Card,Online,345.93,processed,,Southwest,3.5
TXN-A55A77281F24,2026-09-02,ACCT-A55A77281F24,ACH,Online,1187.08,processed,,Midwest,1.2
TXN-270D0619730D,2026-09-02,ACCT-270D0619730D,Card,Mobile,223.89,processed,,Southeast,1.1
TXN-FBDF4BA3E18F,2026-08-27,ACCT-FBDF4BA3E18F,ACH,Mobile,7184.33,processed,,Southwest,3.0
TXN-39528743C91A,2026-08-07,ACCT-39528743C91A,Card,ATM,13.74,processed,,Southwest,8.4
TXN-0827B76E52AE,2026-07-21,ACCT-0827B76E52AE,Zelle/P2P,Mobile,264.69,processed,,Southeast,2.7
TXN-AC940060027B,2026-06-24,ACCT-AC940060027B,Check,Mobile,3073.65,processed,,Southwest,1.4
TXN-E7D5D606936C,2026-07-19,ACCT-E7D5D606936C,Bill Pay,Call Center,217.07,processed,,Southeast,3.2
TXN-4E0E5FE72F87,2026-08-29,ACCT-4E0E5FE72F87,Check,Branch,5807.22,failed,,West,5.5
TXN-24C20FBA90A3,2026-09-08,ACCT-24C20FBA90A3,Bill Pay,Online,619.03,processed,,Midwest,2.6
TXN-1AF3E5930442,2026-07-21,ACCT-1AF3E5930442,ACH,Online,1165.67,processed,,West,6.0
TXN-F991A2D839A9,2026-08-13,ACCT-F991A2D839A9,Card,Online,527.15,processed,,Southeast,0.5
TXN-34AC9F308CB2,2026-07-04,ACCT-34AC9F308CB2,Card,Mobile,138.91,processed,,Southeast,1.3
TXN-D57FE7EB7A50,2026-08-01,ACCT-D57FE7EB7A50,Card,ATM,58.32,processed,,Northeast,1.3
TXN-33C94150947F,2026-07-08,ACCT-33C94150947F,ACH,Mobile,3687.36,processed,,Northeast,3.6
TXN-C259B7FB7BDA,2026-08-26,ACCT-C259B7FB7BDA,Wire,Branch,18250.92,exception,Account number mismatch,West,25.4
TXN-94475366BBE5,2026-08-14,ACCT-94475366BBE5,ACH,Mobile,8241.67,processed,,Southeast,2.7
TXN-CD2F9592DC3E,2026-07-24,ACCT-CD2F9592DC3E,Bill Pay,Online,5238.11,processed,,Midwest,4.4
TXN-6BFB4FC9BFCF,2026-06-24,ACCT-6BFB4FC9BFCF,Card,Mobile,43.62,processed,,Northeast,5.8
TXN-7F2F519A8ECC,2026-07-16,ACCT-7F2F519A8ECC,Zelle/P2P,Mobile,1501.29,pending,,Southeast,0.9
TXN-EC3FAEB57E48,2026-09-03,ACCT-EC3FAEB57E48,Bill Pay,Online,806.6,exception,Account number mismatch,West,30.7
TXN-07398914761A,2026-09-01,ACCT-07398914761A,ACH,Online,812.64,processed,,Midwest,1.0
TXN-444BD2F66FDC,2026-07-01,ACCT-444BD2F66FDC,ACH,Online,6812.31,processed,,West,3.7
TXN-8AF697E1A996,2026-07-29,ACCT-8AF697E1A996,Bill Pay,Call Center,196.54,failed,,Northeast,3.2
TXN-2B8CEE8A6071,2026-08-07,ACCT-2B8CEE8A6071,Check,Mobile,1007.62,processed,,Northeast,5.6
TXN-8FEDE10D5ED2,2026-08-21,ACCT-8FEDE10D5ED2,Bill Pay,Online,790.98,processed,,Southwest,3.0
TXN-4DFD52A7CDEB,2026-09-03,ACCT-4DFD52A7CDEB,Zelle/P2P,Mobile,2475.42,processed,,Southwest,2.6
TXN-2021CBC81876,2026-08-10,ACCT-2021CBC81876,Wire,Branch,11433.02,processed,,Southeast,6.9
TXN-7A24738C1004,2026-08-29,ACCT-7A24738C1004,Card,Online,31.83,processed,,Northeast,18.6
TXN-B8DCB3EF8BD3,2026-09-18,ACCT-B8DCB3EF8BD3,Check,Branch,11876.11,processed,,Midwest,5.1
TXN-0FD688A63532,2026-08-17,ACCT-0FD688A63532,ACH,API,9290.79,processed,,Southeast,1.7
TXN-F653FB0D49B1,2026-06-25,ACCT-F653FB0D49B1,Bill Pay,Mobile,315.9,processed,,West,2.6
TXN-7D2B86179FA7,2026-08-28,ACCT-7D2B86179FA7,Bill Pay,Online,1286.7,processed,,Southeast,0.8
TXN-EDB3670F4782,2026-08-17,ACCT-EDB3670F4782,ACH,API,15545.47,failed,,West,28.2
TXN-82358C18F24A,2026-08-20,ACCT-82358C18F24A,Bill Pay,Mobile,2714.71,processed,,Midwest,2.7
TXN-64FD0D4DB8BB,2026-08-26,ACCT-64FD0D4DB8BB,Card,Mobile,276.85,processed,,Southwest,2.5
TXN-566D060EF99A,2026-07-20,ACCT-566D060EF99A,Card,Mobile,36.06,processed,,Northeast,7.8
TXN-CC5BB305846D,2026-06-26,ACCT-CC5BB305846D,Zelle/P2P,Online,114.14,processed,,Southeast,2.3
TXN-F90E9B69AD56,2026-09-03,ACCT-F90E9B69AD56,Wire,Branch,15886.45,processed,,Midwest,3.1
TXN-3A481E728390,2026-07-30,ACCT-3A481E728390,ACH,Mobile,7568.71,processed,,West,0.6
TXN-CE253A93E05D,2026-09-04,ACCT-CE253A93E05D,Check,Mobile,4701.63,processed,,Northeast,1.3
TXN-E34B72D961DE,2026-08-10,ACCT-E34B72D961DE,Wire,Branch,64502.28,processed,,Southeast,28.7
TXN-FBE862E098ED,2026-09-02,ACCT-FBE862E098ED,ACH,Branch,3640.85,processed,,Northeast,1.9
TXN-3022082F133E,2026-07-06,ACCT-3022082F133E,ACH,Branch,4490.74,processed,,Southwest,5.7
TXN-16DFF97759C5,2026-07-20,ACCT-16DFF97759C5,ACH,Online,4412.0,processed,,West,0.9
TXN-210ED2952737,2026-08-21,ACCT-210ED2952737,Check,Branch,3608.16,processed,,West,13.2
TXN-EA55733637D3,2026-09-19,ACCT-EA55733637D3,Card,Mobile,183.28,processed,,Midwest,4.4
TXN-5C0B64218F30,2026-09-02,ACCT-5C0B64218F30,Card,Online,390.82,processed,,West,1.2
TXN-E3296309D54F,2026-07-18,ACCT-E3296309D54F,ACH,API,1583.12,processed,,Southwest,4.1
TXN-AE960D8860E8,2026-08-09,ACCT-AE960D8860E8,ACH,API,3315.34,processed,,Northeast,2.5
TXN-694D098E2DCF,2026-09-17,ACCT-694D098E2DCF,Card,Online,14.17,processed,,Northeast,3.0
TXN-35E801474B56,2026-07-22,ACCT-35E801474B56,Check,Mobile,2212.08,processed,,Southwest,4.5
TXN-FC820F9B7953,2026-09-18,ACCT-FC820F9B7953,Wire,Call Center,18014.69,processed,,West,5.6
TXN-E8B7AE86B2EE,2026-09-11,ACCT-E8B7AE86B2EE,Bill Pay,Online,86.32,processed,,Southeast,8.1
TXN-9C1345877866,2026-07-04,ACCT-9C1345877866,Card,Online,268.8,processed,,Northeast,4.3
TXN-7715D264AD95,2026-08-20,ACCT-7715D264AD95,Check,Mobile,4382.28,processed,,West,1.8
TXN-6C77B607E17D,2026-07-10,ACCT-6C77B607E17D,Wire,Branch,21339.94,processed,,Northeast,1.9
TXN-309CA37DFD28,2026-09-04,ACCT-309CA37DFD28,Bill Pay,Call Center,553.03,processed,,Midwest,3.3
TXN-2A52C1A3F592,2026-08-05,ACCT-2A52C1A3F592,Card,Mobile,69.73,failed,,Midwest,9.2
TXN-A20C25627ED7,2026-08-16,ACCT-A20C25627ED7,Check,Mobile,6839.35,processed,,Southeast,7.6
TXN-5452FE8AC265,2026-08-20,ACCT-5452FE8AC265,Card,Mobile,146.16,processed,,Midwest,5.6
TXN-6C94B428730B,2026-06-29,ACCT-6C94B428730B,Card,Online,14.68,processed,,Midwest,2.0
TXN-67C312330B03,2026-08-12,ACCT-67C312330B03,Check,Branch,9319.29,processed,,Southeast,13.9
TXN-B43EAA42FAC8,2026-08-24,ACCT-B43EAA42FAC8,ACH,Mobile,4848.09,pending,,West,7.5
TXN-F253F4C19888,2026-08-04,ACCT-F253F4C19888,ACH,API,4474.21,processed,,Midwest,1.1
TXN-4A2D50E15535,2026-07-31,ACCT-4A2D50E15535,Card,Online,92.08,processed,,Southeast,8.2
TXN-3F54E388D4FC,2026-09-16,ACCT-3F54E388D4FC,Bill Pay,Mobile,5166.38,processed,,West,9.0
TXN-34E5E3F5728F,2026-07-22,ACCT-34E5E3F5728F,ACH,Mobile,17255.55,processed,,Southeast,5.0
TXN-9EDE71FD9AE0,2026-07-29,ACCT-9EDE71FD9AE0,Check,Branch,19460.15,pending,,Midwest,12.9
TXN-C259CA462777,2026-08-05,ACCT-C259CA462777,Check,Branch,18562.95,processed,,Midwest,0.8
TXN-7C7F34778041,2026-08-28,ACCT-7C7F34778041,Card,Mobile,65.89,processed,,Northeast,6.7
TXN-16B0E04A5A83,2026-08-26,ACCT-16B0E04A5A83,Bill Pay,Mobile,741.7,processed,,Southeast,8.3
TXN-821196656A86,2026-09-21,ACCT-821196656A86,ACH,API,10673.19,failed,,Midwest,46.3
TXN-4AD4EC781AF6,2026-08-23,ACCT-4AD4EC781AF6,ACH,Online,3779.97,processed,,Midwest,4.9
TXN-2C153CE8736F,2026-08-29,ACCT-2C153CE8736F,Bill Pay,Mobile,7740.34,processed,,Midwest,0.8
TXN-A26D1D989C64,2026-06-30,ACCT-A26D1D989C64,Card,Online,107.38,processed,,West,14.6
TXN-00BC4CD66FEA,2026-08-15,ACCT-00BC4CD66FEA,Card,Online,55.86,processed,,West,2.6
TXN-A51BAEE97374,2026-08-21,ACCT-A51BAEE97374,Bill Pay,Mobile,353.56,processed,,Northeast,0.7
TXN-0CC1D9BA93D3,2026-07-16,ACCT-0CC1D9BA93D3,Zelle/P2P,Online,703.49,processed,,Northeast,5.2
TXN-01975C2DD1D1,2026-07-01,ACCT-01975C2DD1D1,Zelle/P2P,Mobile,513.46,processed,,Southeast,15.7
TXN-A424084A460E,2026-07-18,ACCT-A424084A460E,Card,Mobile,127.85,processed,,Southwest,9.4
TXN-A1CA1EB2956D,2026-07-24,ACCT-A1CA1EB2956D,Card,Mobile,69.77,processed,,Southeast,2.2
TXN-D19A2ED62AF6,2026-09-03,ACCT-D19A2ED62AF6,Card,Mobile,1634.21,processed,,Southwest,0.9
TXN-133791C9ECE5,2026-08-31,ACCT-133791C9ECE5,Check,Branch,14208.0,processed,,Midwest,3.5
TXN-A91612704C17,2026-08-31,ACCT-A91612704C17,ACH,Online,9685.79,processed,,Southwest,1.6
TXN-969E41EC1330,2026-09-21,ACCT-969E41EC1330,Card,ATM,162.32,processed,,Northeast,1.8
TXN-270A9A7D4DDF,2026-09-18,ACCT-270A9A7D4DDF,ACH,API,8312.38,processed,,Southwest,5.6
TXN-30F4881556A5,2026-08-12,ACCT-30F4881556A5,Card,Mobile,18.15,pending,,Midwest,12.3
TXN-798C5A712FFD,2026-07-17,ACCT-798C5A712FFD,Wire,Call Center,122069.93,failed,,Southeast,55.6
TXN-ACE512C344AE,2026-09-10,ACCT-ACE512C344AE,Zelle/P2P,Online,3038.0,processed,,West,2.4
TXN-EDF55594B59E,2026-06-29,ACCT-EDF55594B59E,ACH,Mobile,7010.3,processed,,Northeast,1.7
TXN-42D445F4EB91,2026-08-28,ACCT-42D445F4EB91,ACH,Branch,72077.32,processed,,Southwest,1.4
TXN-0409ACD934FB,2026-08-07,ACCT-0409ACD934FB,Wire,Call Center,4202.84,processed,,Northeast,74.7
TXN-29281CDCD19F,2026-07-29,ACCT-29281CDCD19F,Zelle/P2P,Mobile,485.02,processed,,Southwest,15.6
TXN-11D4EA560BA8,2026-08-19,ACCT-11D4EA560BA8,Card,Online,280.43,processed,,Midwest,24.9
TXN-883BE8183091,2026-07-10,ACCT-883BE8183091,ACH,API,7643.18,processed,,Southeast,0.6
TXN-9B59026D8817,2026-07-17,ACCT-9B59026D8817,Check,Mobile,9363.68,processed,,Northeast,0.6
TXN-7843DF8E8F6C,2026-09-16,ACCT-7843DF8E8F6C,ACH,Online,5269.71,processed,,Southeast,3.6
TXN-61EAE731F0C3,2026-09-15,ACCT-61EAE731F0C3,ACH,API,19639.03,processed,,Northeast,2.4
TXN-806D3B873A96,2026-09-03,ACCT-806D3B873A96,Card,Online,192.81,processed,,Southwest,1.5
TXN-1D9C8669CA30,2026-08-30,ACCT-1D9C8669CA30,Check,Mobile,37562.39,processed,,West,4.3
TXN-9CA6D5473BA1,2026-06-29,ACCT-9CA6D5473BA1,ACH,Mobile,17873.26,processed,,Southeast,2.0
TXN-DF8541C1C7A1,2026-07-31,ACCT-DF8541C1C7A1,ACH,Online,2804.45,processed,,Southeast,4.5
TXN-589F95EAD23A,2026-06-28,ACCT-589F95EAD23A,Card,Online,64.45,processed,,Southeast,1.2
TXN-211F5866F28A,2026-08-06,ACCT-211F5866F28A,ACH,API,16304.88,processed,,Northeast,2.5
TXN-FFFA2B296822,2026-09-15,ACCT-FFFA2B296822,ACH,Mobile,14349.56,processed,,West,2.6
TXN-4D2A78E5C3D3,2026-07-13,ACCT-4D2A78E5C3D3,ACH,Branch,1339.21,processed,,West,1.4
TXN-CC8C733E1875,2026-07-04,ACCT-CC8C733E1875,ACH,API,8194.95,processed,,Midwest,3.1
TXN-B3ADE165288C,2026-09-09,ACCT-B3ADE165288C,ACH,Mobile,2898.08,processed,,West,3.4
TXN-F9CD07AB4047,2026-08-04,ACCT-F9CD07AB4047,Bill Pay,Online,657.55,processed,,Southwest,3.3
TXN-0A9CBE9D9C66,2026-07-19,ACCT-0A9CBE9D9C66,Card,ATM,129.99,processed,,West,1.2
TXN-4CE002AAEDEB,2026-07-01,ACCT-4CE002AAEDEB,ACH,Online,11635.95,processed,,Midwest,0.6
TXN-EE38E7799140,2026-09-07,ACCT-EE38E7799140,Bill Pay,Mobile,504.15,processed,,Northeast,3.3
TXN-AF4D5D2C4A4B,2026-07-20,ACCT-AF4D5D2C4A4B,Zelle/P2P,Mobile,222.61,processed,,Southwest,4.6
TXN-EC508B70C91B,2026-07-31,ACCT-EC508B70C91B,ACH,Branch,360.42,processed,,Southeast,1.7
TXN-B2A79BD4A1BC,2026-07-01,ACCT-B2A79BD4A1BC,Card,Online,189.71,processed,,Southwest,5.7
TXN-F658E746131F,2026-09-02,ACCT-F658E746131F,Check,ATM,823.91,processed,,Southwest,14.1
TXN-804310E173A8,2026-08-03,ACCT-804310E173A8,ACH,Online,602216.06,processed,,West,4.6
TXN-C77639710BD8,2026-08-04,ACCT-C77639710BD8,Wire,Call Center,32629.26,pending,,Midwest,8.8
TXN-8B20138528B3,2026-07-30,ACCT-8B20138528B3,Card,Mobile,57.73,processed,,West,2.8
TXN-5F43732F8FC7,2026-09-09,ACCT-5F43732F8FC7,Card,Mobile,42.73,processed,,Southeast,1.5
TXN-6DC3BB5F2874,2026-08-01,ACCT-6DC3BB5F2874,ACH,Branch,27984.2,processed,,Southeast,6.2
TXN-30606AC3B4FD,2026-08-10,ACCT-30606AC3B4FD,ACH,API,2805.07,processed,,Midwest,2.9
TXN-9D82BA2125AE,2026-08-04,ACCT-9D82BA2125AE,Card,Online,58.33,processed,,Midwest,2.6
TXN-A0E73857681D,2026-08-11,ACCT-A0E73857681D,Check,Branch,433.36,processed,,Northeast,6.9
TXN-251D298116E3,2026-07-03,ACCT-251D298116E3,ACH,API,17653.68,processed,,Southwest,1.1
TXN-3458D083166E,2026-07-17,ACCT-3458D083166E,Zelle/P2P,Mobile,106.45,processed,,Southeast,1.4
TXN-884486E0E1E2,2026-06-24,ACCT-884486E0E1E2,Card,Mobile,165.75,processed,,Southeast,7.3
TXN-CB308ACE4DA6,2026-07-10,ACCT-CB308ACE4DA6,Card,Mobile,102.28,processed,,Southeast,0.6
TXN-08452988F4C7,2026-07-10,ACCT-08452988F4C7,Card,Online,64.53,processed,,Midwest,4.4
TXN-A207C35D8417,2026-09-20,ACCT-A207C35D8417,Bill Pay,Mobile,1936.4,processed,,Southwest,3.8
TXN-57B100CDE2A9,2026-08-25,ACCT-57B100CDE2A9,Check,Mobile,7007.9,processed,,Midwest,4.7
TXN-FEE5C743B099,2026-08-17,ACCT-FEE5C743B099,Card,Mobile,68.74,processed,,Southwest,5.2
TXN-B368537ED2FE,2026-07-29,ACCT-B368537ED2FE,Bill Pay,Call Center,1022.86,processed,,Southeast,0.5
TXN-CD2ED2D000E7,2026-06-29,ACCT-CD2ED2D000E7,Card,Mobile,247.25,processed,,Midwest,2.3
TXN-C4A7E93627A4,2026-08-14,ACCT-C4A7E93627A4,Wire,Call Center,62117.4,processed,,Southeast,6.1
TXN-DD8826B4B2A6,2026-07-20,ACCT-DD8826B4B2A6,ACH,Online,2761.7,processed,,Northeast,1.3
TXN-53903AC88832,2026-08-17,ACCT-53903AC88832,ACH,Online,677.91,processed,,West,1.5
TXN-35F8F65F38C2,2026-08-31,ACCT-35F8F65F38C2,Card,Online,196.27,processed,,Southwest,1.3
TXN-7C80A593CEF0,2026-09-17,ACCT-7C80A593CEF0,ACH,Online,2189.02,processed,,Southeast,9.5
TXN-72D6B53B5E4F,2026-09-18,ACCT-72D6B53B5E4F,ACH,Online,3059.64,processed,,Northeast,0.9
TXN-8ADB2956AB78,2026-09-14,ACCT-8ADB2956AB78,Card,Online,58.68,processed,,Midwest,2.0
TXN-2BDF394D6758,2026-08-03,ACCT-2BDF394D6758,ACH,API,55716.32,processed,,Southeast,1.5
TXN-53F4041BA0CC,2026-06-30,ACCT-53F4041BA0CC,Check,Branch,2102.96,processed,,Southwest,21.3
TXN-A1F990B457CF,2026-07-08,ACCT-A1F990B457CF,Zelle/P2P,Online,1895.83,processed,,Southeast,1.8
TXN-CA2EBE2C096F,2026-07-21,ACCT-CA2EBE2C096F,ACH,API,1667.93,processed,,Northeast,1.6
TXN-4572BF951712,2026-09-19,ACCT-4572BF951712,Card,Mobile,39.93,processed,,Southwest,36.2
TXN-E58F301E6B6A,2026-09-11,ACCT-E58F301E6B6A,ACH,API,6988.2,processed,,West,1.2
TXN-BB60458B0243,2026-07-27,ACCT-BB60458B0243,Card,Mobile,55.19,processed,,Southwest,2.0
TXN-80335C1F5DA1,2026-07-15,ACCT-80335C1F5DA1,Check,Mobile,2261.06,processed,,Northeast,2.8
TXN-9D372080662D,2026-08-10,ACCT-9D372080662D,Zelle/P2P,Online,365.34,processed,,Northeast,0.7
TXN-2B5BB8C71C9E,2026-08-06,ACCT-2B5BB8C71C9E,Card,Mobile,65.49,processed,,Southwest,14.0
TXN-2A69EED5181B,2026-08-20,ACCT-2A69EED5181B,Wire,Call Center,13468.1,processed,,Southeast,26.0
TXN-34F99393D2FF,2026-09-18,ACCT-34F99393D2FF,ACH,API,8258.96,processed,,Southeast,3.9
TXN-354FBB9EC215,2026-09-07,ACCT-354FBB9EC215,Card,ATM,1239.04,processed,,Midwest,1.5
TXN-3F830B0A5A42,2026-06-28,ACCT-3F830B0A5A42,Wire,Call Center,104921.39,processed,,West,23.5
TXN-E4F30145497A,2026-08-19,ACCT-E4F30145497A,ACH,API,507.27,processed,,Southwest,3.9
TXN-2F8D8A712A3B,2026-09-18,ACCT-2F8D8A712A3B,ACH,Mobile,2880.83,processed,,Northeast,4.0
TXN-E23EC3299EB6,2026-07-27,ACCT-E23EC3299EB6,ACH,API,16576.14,processed,,Midwest,3.3
TXN-50192F27ED44,2026-07-07,ACCT-50192F27ED44,ACH,Online,12378.92,processed,,Southwest,2.2
TXN-A90AFCE2A740,2026-09-14,ACCT-A90AFCE2A740,Card,ATM,42.28,processed,,Northeast,3.0
TXN-DDEE85D593C2,2026-07-22,ACCT-DDEE85D593C2,ACH,Branch,972.06,processed,,Southeast,2.8
TXN-75317C638346,2026-08-17,ACCT-75317C638346,Zelle/P2P,Online,237.51,processed,,Southwest,1.8
TXN-740A2A2A7001,2026-09-07,ACCT-740A2A2A7001,ACH,Online,799.03,processed,,Southwest,2.2
TXN-DC345D015A47,2026-09-10,ACCT-DC345D015A47,Card,Online,106.4,processed,,Northeast,2.5
TXN-06979A58380A,2026-07-21,ACCT-06979A58380A,Check,Branch,1926.67,processed,,Southeast,2.1
TXN-BEC29F1E7820,2026-07-10,ACCT-BEC29F1E7820,Check,Branch,10574.95,pending,,Northeast,0.5
TXN-07433C9D26C3,2026-09-11,ACCT-07433C9D26C3,Wire,Branch,25881.5,processed,,Southwest,26.5
TXN-273085A1D29C,2026-07-30,ACCT-273085A1D29C,Bill Pay,Online,2600.43,processed,,Midwest,7.8
TXN-E7A6A9D8B5CC,2026-07-03,ACCT-E7A6A9D8B5CC,Check,Branch,5982.13,processed,,Northeast,2.2
TXN-AC7ADAD6960B,2026-08-13,ACCT-AC7ADAD6960B,ACH,Online,17911.42,processed,,Northeast,3.9
TXN-B075B077003F,2026-08-27,ACCT-B075B077003F,Card,Mobile,794.54,processed,,West,16.8
TXN-B0CFD9ADFD36,2026-09-15,ACCT-B0CFD9ADFD36,Zelle/P2P,Online,189.11,processed,,Midwest,4.4
TXN-85240720B521,2026-07-29,ACCT-85240720B521,ACH,Mobile,4225.19,processed,,Southwest,1.7
TXN-C299BFA9C4EA,2026-09-02,ACCT-C299BFA9C4EA,Card,Mobile,474.31,processed,,Southwest,10.4
TXN-257F3DE9149A,2026-08-06,ACCT-257F3DE9149A,Bill Pay,Online,261.01,processed,,Northeast,2.6
TXN-AD35E7EFE14A,2026-06-24,ACCT-AD35E7EFE14A,Zelle/P2P,Mobile,190.54,processed,,Northeast,12.5
TXN-8881360ED7D0,2026-07-22,ACCT-8881360ED7D0,Card,Mobile,33.5,processed,,Northeast,8.3
TXN-0D36AB1DFC50,2026-08-18,ACCT-0D36AB1DFC50,Bill Pay,Online,2408.93,processed,,West,8.1
TXN-EEEFC1FC79AE,2026-09-18,ACCT-EEEFC1FC79AE,Wire,Branch,73563.86,processed,,West,6.1
TXN-F963AE8DCED6,2026-08-20,ACCT-F963AE8DCED6,ACH,API,6647.3,processed,,Midwest,1.0
TXN-43A599E19E8E,2026-09-01,ACCT-43A599E19E8E,Card,ATM,197.69,processed,,Midwest,9.8
TXN-C4406A16DF46,2026-09-07,ACCT-C4406A16DF46,Card,Online,71.63,processed,,Midwest,0.8
TXN-6C9E0EA1852F,2026-07-14,ACCT-6C9E0EA1852F,Card,Online,40.62,pending,,Southeast,2.7
TXN-F3D99C0DB544,2026-07-29,ACCT-F3D99C0DB544,Card,Online,331.04,processed,,West,1.5
TXN-DC2EE521C7B4,2026-07-27,ACCT-DC2EE521C7B4,Wire,Call Center,37239.79,exception,Amount exceeds limit,Southeast,7.4
TXN-C85262434075,2026-07-04,ACCT-C85262434075,ACH,Mobile,2076.1,processed,,Northeast,1.3
TXN-9D87DD1E9A30,2026-08-25,ACCT-9D87DD1E9A30,Card,ATM,90.27,processed,,Southeast,0.6
TXN-BBEB842CDD84,2026-06-30,ACCT-BBEB842CDD84,ACH,Online,2646.85,processed,,Northeast,2.8
TXN-CE332C83A236,2026-07-22,ACCT-CE332C83A236,Bill Pay,Online,754.21,processed,,Midwest,1.5
TXN-3BA01A1D9B6C,2026-07-21,ACCT-3BA01A1D9B6C,Card,Mobile,183.43,failed,,Northeast,10.3
TXN-B103B4B46639,2026-07-13,ACCT-B103B4B46639,Card,Mobile,236.42,processed,,Northeast,3.3
TXN-D36774C5729F,2026-08-10,ACCT-D36774C5729F,ACH,API,826.17,processed,,Midwest,1.0
TXN-67E0BDB7B6C5,2026-07-07,ACCT-67E0BDB7B6C5,Card,ATM,162.0,processed,,Southwest,1.2
TXN-528F63F77133,2026-07-08,ACCT-528F63F77133,Bill Pay,Online,1015.8,processed,,Southeast,7.2
TXN-520DB82DFC91,2026-07-21,ACCT-520DB82DFC91,Zelle/P2P,Online,209.33,processed,,Southwest,1.4
TXN-1326C6C44CC5,2026-09-17,ACCT-1326C6C44CC5,Card,Online,174.1,processed,,West,5.9
TXN-2DDFE15F039D,2026-09-04,ACCT-2DDFE15F039D,Zelle/P2P,Mobile,207.52,processed,,Midwest,2.7
TXN-6EC429CB5D44,2026-07-22,ACCT-6EC429CB5D44,Card,Mobile,43.93,processed,,Northeast,0.5
TXN-FB5F8E772A4D,2026-06-24,ACCT-FB5F8E772A4D,Wire,Call Center,17222.37,processed,,West,12.6
TXN-E4DCBC85E5F4,2026-08-28,ACCT-E4DCBC85E5F4,Card,Online,72.34,processed,,Southeast,6.2
TXN-2686CE411DEF,2026-08-27,ACCT-2686CE411DEF,ACH,Online,6543.28,processed,,West,3.1
TXN-0F2CCE1AA7F0,2026-07-10,ACCT-0F2CCE1AA7F0,Wire,Branch,19178.8,processed,,West,3.9
TXN-1DF90634FD0A,2026-08-22,ACCT-1DF90634FD0A,Wire,Call Center,133589.0,processed,,Northeast,14.8
TXN-ABDBEC893ECC,2026-08-21,ACCT-ABDBEC893ECC,ACH,API,2269.93,processed,,Southeast,1.8
TXN-A9ECD83C2D2D,2026-08-17,ACCT-A9ECD83C2D2D,Check,Branch,4779.28,processed,,Midwest,8.7
TXN-6DEBD8DA5801,2026-07-26,ACCT-6DEBD8DA5801,Zelle/P2P,Mobile,54.94,processed,,Northeast,6.0
TXN-2315BD64E75A,2026-07-10,ACCT-2315BD64E75A,Card,Mobile,183.57,processed,,Southwest,3.8
TXN-B55CD27597B9,2026-07-28,ACCT-B55CD27597B9,ACH,API,3526.17,processed,,Northeast,1.2
TXN-E0C8ED73E7D7,2026-07-13,ACCT-E0C8ED73E7D7,ACH,Mobile,7729.13,exception,Account number mismatch,Northeast,6.5
TXN-591B63CD43F1,2026-09-17,ACCT-591B63CD43F1,Card,Mobile,121.75,failed,,Northeast,19.9
TXN-E08BC73CBD79,2026-07-23,ACCT-E08BC73CBD79,ACH,Online,5099.22,processed,,Midwest,6.4
TXN-F48F908EC1DB,2026-08-25,ACCT-F48F908EC1DB,Card,Online,41.28,processed,,Midwest,0.7
TXN-038E8E04C208,2026-09-16,ACCT-038E8E04C208,Wire,Call Center,42694.77,processed,,West,12.6
TXN-9EB8B432FAF8,2026-08-13,ACCT-9EB8B432FAF8,Bill Pay,Mobile,1162.82,processed,,Midwest,2.2
TXN-690395987014,2026-07-05,ACCT-690395987014,Bill Pay,Mobile,230.91,processed,,Midwest,7.8
TXN-1D2370367B8A,2026-09-15,ACCT-1D2370367B8A,Card,Mobile,341.25,processed,,Southeast,9.8
TXN-A3486138DA3D,2026-07-21,ACCT-A3486138DA3D,ACH,Online,2546.67,processed,,Midwest,5.5
TXN-B422361DB5C1,2026-08-25,ACCT-B422361DB5C1,ACH,API,5785.32,processed,,Northeast,5.1
TXN-EB92708A47D3,2026-09-01,ACCT-EB92708A47D3,ACH,API,3962.37,processed,,Southeast,3.8
TXN-6F11AFF106AC,2026-09-02,ACCT-6F11AFF106AC,Check,Branch,1546.83,processed,,Southwest,5.0
TXN-C1698979B983,2026-07-22,ACCT-C1698979B983,Card,Online,92.15,processed,,Midwest,10.0
TXN-2A437E50DF24,2026-08-16,ACCT-2A437E50DF24,Zelle/P2P,Mobile,355.22,processed,,Northeast,18.2
TXN-32EFE6A0CF49,2026-08-04,ACCT-32EFE6A0CF49,ACH,API,12873.91,processed,,Northeast,4.1
TXN-39C82E70EF48,2026-08-25,ACCT-39C82E70EF48,Card,ATM,355.7,processed,,Northeast,5.1
TXN-890EBDF964B6,2026-07-30,ACCT-890EBDF964B6,Check,Branch,14272.21,processed,,Southeast,2.4
TXN-6BFA3AA7296F,2026-07-13,ACCT-6BFA3AA7296F,ACH,Online,1277.62,processed,,Midwest,5.3
TXN-27E17B83D7F6,2026-08-06,ACCT-27E17B83D7F6,Check,Branch,6120.61,processed,,Northeast,2.2
TXN-DECFE6C6693F,2026-07-28,ACCT-DECFE6C6693F,Bill Pay,Online,1397.34,processed,,Southwest,1.6
TXN-184EB9D5F7FD,2026-09-10,ACCT-184EB9D5F7FD,Bill Pay,Call Center,1062.91,processed,,Southwest,1.1
TXN-D0D624BC0B9B,2026-09-20,ACCT-D0D624BC0B9B,ACH,Mobile,2844.04,processed,,Midwest,2.9
TXN-4D1149F568AF,2026-08-28,ACCT-4D1149F568AF,ACH,API,12458.21,processed,,Southwest,10.5
TXN-B097F5EFF0C0,2026-08-04,ACCT-B097F5EFF0C0,Card,Online,78.66,processed,,Northeast,15.3
TXN-AC9DA4E430A2,2026-08-11,ACCT-AC9DA4E430A2,Check,Branch,16504.64,processed,,Northeast,4.6
TXN-C15195E527AA,2026-06-30,ACCT-C15195E527AA,Check,Mobile,4229.95,processed,,Northeast,3.2
TXN-A29DC99A7700,2026-08-20,ACCT-A29DC99A7700,ACH,Branch,3634.05,processed,,Southwest,5.8
TXN-25D4EAA6EE1F,2026-07-31,ACCT-25D4EAA6EE1F,ACH,Branch,1930.0,failed,,Southwest,22.2
TXN-1B9340FF517E,2026-08-28,ACCT-1B9340FF517E,Card,Online,107.93,processed,,Northeast,1.6
TXN-123BB1E9CA37,2026-07-16,ACCT-123BB1E9CA37,ACH,Online,1372.5,processed,,Midwest,2.3
TXN-76585EEC5892,2026-07-25,ACCT-76585EEC5892,Check,Branch,3751.2,processed,,Southwest,1.0
TXN-992C84D8F5FE,2026-08-24,ACCT-992C84D8F5FE,Card,Online,60.67,processed,,Southeast,3.7
TXN-B5AECE025038,2026-08-06,ACCT-B5AECE025038,Wire,Call Center,2653.13,processed,,Midwest,12.8
TXN-175B51767164,2026-08-06,ACCT-175B51767164,ACH,Online,4364.26,processed,,Midwest,3.5
TXN-DC6350721F6E,2026-09-01,ACCT-DC6350721F6E,Card,Online,183.57,processed,,Midwest,3.4
TXN-082E27889195,2026-09-16,ACCT-082E27889195,Check,Mobile,20846.41,exception,Duplicate submission,Northeast,6.9
TXN-ADEED5C1FD73,2026-07-15,ACCT-ADEED5C1FD73,Bill Pay,Online,503.91,processed,,West,2.6
TXN-799125DF5410,2026-09-10,ACCT-799125DF5410,Card,Online,76.66,processed,,Southwest,4.1
TXN-81A282133995,2026-08-05,ACCT-81A282133995,Check,Branch,3819.32,processed,,Midwest,0.8
TXN-5FF56049D1B9,2026-09-03,ACCT-5FF56049D1B9,Bill Pay,Mobile,2679.57,processed,,Midwest,0.7
TXN-2593524BD191,2026-07-31,ACCT-2593524BD191,Card,Mobile,385.5,processed,,Northeast,5.1
TXN-994303330EE1,2026-08-03,ACCT-994303330EE1,Bill Pay,Mobile,501.0,processed,,Southwest,7.7
TXN-9529235463AD,2026-08-26,ACCT-9529235463AD,Wire,Call Center,36814.84,processed,,Midwest,20.5
TXN-08F2C7A71012,2026-08-27,ACCT-08F2C7A71012,ACH,Branch,597.76,processed,,Northeast,3.4
TXN-2239804DF6C3,2026-08-29,ACCT-2239804DF6C3,Card,Online,184.7,processed,,Southwest,2.2
TXN-ABF231F1BFF9,2026-08-15,ACCT-ABF231F1BFF9,Check,Branch,1360.73,processed,,Southeast,3.4
TXN-26DA6CFBE7DE,2026-08-25,ACCT-26DA6CFBE7DE,Card,ATM,46.72,processed,,Southwest,1.0
TXN-E1ACC913A67A,2026-09-06,ACCT-E1ACC913A67A,Card,Online,19.64,processed,,Midwest,20.9
TXN-6794C4674A84,2026-09-16,ACCT-6794C4674A84,Bill Pay,Mobile,1811.11,processed,,Northeast,9.0
TXN-F0CE886CA0B3,2026-07-16,ACCT-F0CE886CA0B3,ACH,Online,1879.37,processed,,Northeast,13.3
TXN-C1E20D7CFC15,2026-06-28,ACCT-C1E20D7CFC15,Card,Mobile,104.98,processed,,Southeast,3.5
TXN-73D3F1BA0625,2026-09-03,ACCT-73D3F1BA0625,ACH,API,13332.88,processed,,Midwest,3.5
TXN-CFF4F909408F,2026-08-26,ACCT-CFF4F909408F,ACH,Online,15075.32,processed,,Southwest,7.3
TXN-6E602A72220F,2026-08-17,ACCT-6E602A72220F,ACH,Online,20375.79,processed,,Southeast,1.4
TXN-00EBB229BD54,2026-09-17,ACCT-00EBB229BD54,ACH,Online,2427.05,processed,,West,1.7
TXN-EA12DA387115,2026-06-26,ACCT-EA12DA387115,ACH,Branch,8303.6,processed,,West,6.1
TXN-84E25F978998,2026-07-16,ACCT-84E25F978998,Card,Mobile,26.48,processed,,West,1.1
TXN-5B2B220F8EA4,2026-06-26,ACCT-5B2B220F8EA4,ACH,Online,1735.19,pending,,Southeast,4.2
TXN-B7ACFA2005C8,2026-08-11,ACCT-B7ACFA2005C8,Zelle/P2P,Online,216.01,pending,,Southeast,5.0
TXN-6675EA8ACE89,2026-08-04,ACCT-6675EA8ACE89,ACH,Online,8016.59,processed,,Northeast,0.9
TXN-310F620398E6,2026-06-25,ACCT-310F620398E6,Bill Pay,Mobile,739.62,processed,,Southwest,5.3
TXN-CC77022E052F,2026-07-02,ACCT-CC77022E052F,Check,Mobile,12048.52,processed,,Southeast,5.7
TXN-BBE9C5E33DED,2026-09-14,ACCT-BBE9C5E33DED,Card,Mobile,126.01,processed,,West,0.9
TXN-112A779FAA0D,2026-08-17,ACCT-112A779FAA0D,Check,Mobile,22768.17,processed,,Northeast,5.3
TXN-FB2F1A6FEB86,2026-07-03,ACCT-FB2F1A6FEB86,ACH,API,8684.18,processed,,West,3.3
TXN-0CFC62B7B1A3,2026-08-24,ACCT-0CFC62B7B1A3,Card,Mobile,189.02,processed,,Midwest,9.1
TXN-473E37D2CE22,2026-07-13,ACCT-473E37D2CE22,ACH,API,1308.29,processed,,Midwest,1.9
TXN-327B1B886209,2026-07-03,ACCT-327B1B886209,Card,Online,113.68,processed,,Midwest,1.8
TXN-945C7F6E820B,2026-07-22,ACCT-945C7F6E820B,ACH,Branch,789.28,processed,,Southeast,17.6
TXN-78835B5920E3,2026-07-11,ACCT-78835B5920E3,Zelle/P2P,Mobile,2801.88,processed,,West,12.2
TXN-C89FE5B7A007,2026-09-14,ACCT-C89FE5B7A007,Check,Branch,4216.18,exception,Stale dated,West,11.4
TXN-6181ABFDEF40,2026-07-24,ACCT-6181ABFDEF40,ACH,Mobile,4176.92,processed,,Northeast,3.4
TXN-8DB4F214B097,2026-07-21,ACCT-8DB4F214B097,Card,Mobile,250.23,processed,,Southeast,3.2
TXN-FE077354A11A,2026-08-19,ACCT-FE077354A11A,Wire,Online,41724.36,processed,,Northeast,4.5
TXN-C8C484B0DFFD,2026-09-01,ACCT-C8C484B0DFFD,Bill Pay,Online,355.21,processed,,Midwest,10.3
TXN-3E976CD8D965,2026-07-21,ACCT-3E976CD8D965,Card,Online,154.86,processed,,Northeast,5.2
TXN-D028EA59535C,2026-07-08,ACCT-D028EA59535C,ACH,API,2805.23,pending,,West,12.0
TXN-E1C354A684B4,2026-08-10,ACCT-E1C354A684B4,ACH,Online,726.08,processed,,Southeast,3.5
TXN-5C785282B045,2026-07-28,ACCT-5C785282B045,Card,Mobile,30.23,processed,,Southeast,3.4
TXN-08CCC3B616C7,2026-07-21,ACCT-08CCC3B616C7,Bill Pay,Online,1398.76,processed,,West,1.1
TXN-85D9AC31CAAE,2026-07-21,ACCT-85D9AC31CAAE,ACH,Online,13724.85,processed,,Southeast,2.2
TXN-EFD36EEEFC0E,2026-08-05,ACCT-EFD36EEEFC0E,Zelle/P2P,Mobile,916.1,processed,,Southwest,1.9
TXN-6014927DB729,2026-07-19,ACCT-6014927DB729,Card,Mobile,263.43,processed,,Southeast,1.7
TXN-1181308F2F54,2026-07-23,ACCT-1181308F2F54,ACH,Online,3192.62,processed,,Midwest,5.7
TXN-08FD4842DA3E,2026-07-06,ACCT-08FD4842DA3E,Card,Online,63.68,processed,,Midwest,4.4
TXN-142A0115209D,2026-07-03,ACCT-142A0115209D,Bill Pay,Online,386.0,processed,,Southeast,3.8
TXN-5513659D3FD2,2026-08-17,ACCT-5513659D3FD2,Check,ATM,8331.08,processed,,Southwest,25.0
TXN-14E0D7AA7238,2026-07-25,ACCT-14E0D7AA7238,ACH,Mobile,7662.56,processed,,Southeast,1.2
TXN-90A78D3660E0,2026-07-26,ACCT-90A78D3660E0,ACH,Mobile,1821.86,processed,,West,5.1
TXN-A8098D79D88F,2026-07-14,ACCT-A8098D79D88F,Zelle/P2P,Mobile,638.04,processed,,Northeast,2.5
TXN-0639DF1B8647,2026-08-03,ACCT-0639DF1B8647,Card,Mobile,65.16,processed,,Southwest,10.0
TXN-B0D590B1856A,2026-09-02,ACCT-B0D590B1856A,Bill Pay,Call Center,1646.05,processed,,Southeast,10.6
TXN-0123729D5D90,2026-07-28,ACCT-0123729D5D90,Card,Online,199.18,processed,,Southeast,3.1
TXN-D14CDBEA7F2D,2026-07-23,ACCT-D14CDBEA7F2D,Card,Mobile,119.06,processed,,West,4.1
TXN-C5202080402C,2026-08-19,ACCT-C5202080402C,Card,Mobile,308.87,processed,,Southeast,3.6
TXN-E5B56F87097C,2026-08-31,ACCT-E5B56F87097C,Zelle/P2P,Mobile,126.69,processed,,Southeast,1.1
TXN-D0CE6289E93E,2026-09-04,ACCT-D0CE6289E93E,Card,ATM,33.84,processed,,Northeast,4.1
TXN-7FFC2066E20C,2026-07-09,ACCT-7FFC2066E20C,Wire,Call Center,24467.64,processed,,West,4.0
TXN-BA44F0535BD5,2026-09-19,ACCT-BA44F0535BD5,ACH,Mobile,2428.92,processed,,West,3.8
TXN-D1D3DD072021,2026-08-01,ACCT-D1D3DD072021,Zelle/P2P,Mobile,502.3,processed,,Northeast,5.2
TXN-10E19A731F11,2026-06-29,ACCT-10E19A731F11,Wire,Call Center,65675.25,processed,,West,8.8
TXN-31C7AADBAB1F,2026-08-23,ACCT-31C7AADBAB1F,Zelle/P2P,Online,3858.85,processed,,West,2.6
TXN-56D5F315CF33,2026-09-14,ACCT-56D5F315CF33,ACH,Mobile,2539.84,processed,,Southwest,1.4
TXN-6F441E2EFE0A,2026-08-21,ACCT-6F441E2EFE0A,ACH,API,13036.51,processed,,Midwest,7.7
TXN-562508343A36,2026-09-10,ACCT-562508343A36,Wire,Online,10811.02,processed,,,1.5
TXN-F796D3D331AE,2026-06-30,ACCT-F796D3D331AE,ACH,Branch,942.34,processed,,Northeast,19.8
TXN-D2BB22A0BCF2,2026-08-18,ACCT-D2BB22A0BCF2,Card,Mobile,66.28,processed,,Southeast,3.8
TXN-3E500FBBDAF3,2026-09-14,ACCT-3E500FBBDAF3,Zelle/P2P,Online,9340.31,processed,,Southeast,2.6
TXN-AD7C2B601D56,2026-08-21,ACCT-AD7C2B601D56,Check,Branch,22402.85,processed,,Southeast,0.9
TXN-5CA7F9A31DEB,2026-07-02,ACCT-5CA7F9A31DEB,ACH,API,11493.15,processed,,Northeast,3.4
TXN-C0B8203631D0,2026-09-09,ACCT-C0B8203631D0,Wire,Call Center,11467.11,processed,,Northeast,6.7
TXN-04E8C83B1FD8,2026-08-23,ACCT-04E8C83B1FD8,Wire,Call Center,7438.95,processed,,West,9.7
TXN-8F55CF04BC92,2026-09-15,ACCT-8F55CF04BC92,Card,Mobile,159.17,processed,,Northeast,9.6
TXN-CDA759746E72,2026-07-20,ACCT-CDA759746E72,Zelle/P2P,Mobile,361.88,processed,,Midwest,2.2
TXN-D99288131A25,2026-06-30,ACCT-D99288131A25,Card,Online,441.56,processed,,West,0.8
TXN-DC137D509489,2026-09-07,ACCT-DC137D509489,Wire,Call Center,51567.88,processed,,Midwest,11.5
TXN-42180DBEFCB1,2026-09-03,ACCT-42180DBEFCB1,Card,Mobile,77.92,processed,,Northeast,8.3
TXN-9E08716C1C44,2026-08-30,ACCT-9E08716C1C44,Bill Pay,Mobile,583.84,processed,,Midwest,1.9
TXN-7A2CDC40856D,2026-07-31,ACCT-7A2CDC40856D,Check,Branch,598.65,processed,,Southeast,1.3
TXN-44537714B8FE,2026-07-27,ACCT-44537714B8FE,Card,Online,274.35,processed,,West,6.7
TXN-D423DECC313B,2026-08-18,ACCT-D423DECC313B,ACH,Online,7265.3,processed,,West,3.7
TXN-1EDBC8C5DE7A,2026-09-08,ACCT-1EDBC8C5DE7A,Check,ATM,3639.06,processed,,Northeast,6.9
TXN-2AC295F27759,2026-08-14,ACCT-2AC295F27759,Card,Online,41.35,processed,,Midwest,2.5
TXN-F2AEC37898EC,2026-08-19,ACCT-F2AEC37898EC,ACH,API,23253.37,processed,,Northeast,11.6
TXN-70626B387A7A,2026-07-01,ACCT-70626B387A7A,Card,Mobile,110.65,processed,,Northeast,1.9
TXN-ABF0DEE41D7B,2026-08-12,ACCT-ABF0DEE41D7B,ACH,API,1669.85,processed,,Northeast,1.0
TXN-66DCB4A67145,2026-07-01,ACCT-66DCB4A67145,Card,Online,418.87,processed,,Northeast,15.6
TXN-2E9E73B8FE93,2026-08-31,ACCT-2E9E73B8FE93,Card,Online,586.61,processed,,Southwest,14.3
TXN-D17FBF22ED17,2026-08-10,ACCT-D17FBF22ED17,ACH,Online,2623.84,processed,,Midwest,2.5
TXN-CC95B245BC89,2026-07-27,ACCT-CC95B245BC89,Card,Mobile,278.52,processed,,Midwest,5.1
TXN-273D094D3C0C,2026-09-21,ACCT-273D094D3C0C,Check,ATM,2370.98,processed,,Northeast,6.5
TXN-5A0D194767CB,2026-07-07,ACCT-5A0D194767CB,ACH,Online,6856.6,processed,,Northeast,1.0
TXN-940D6D9912CE,2026-08-27,ACCT-940D6D9912CE,Check,Mobile,4971.72,processed,,Midwest,1.8
TXN-F6D379D6A27A,2026-07-24,ACCT-F6D379D6A27A,Card,Mobile,126.21,processed,,Southeast,4.5
TXN-4D364FBB3786,2026-06-24,ACCT-4D364FBB3786,Card,ATM,301.9,processed,,Midwest,3.0
TXN-FEC3E201E70D,2026-08-19,ACCT-FEC3E201E70D,Check,Branch,15120.82,processed,,Southeast,4.9
TXN-7D3D3351FAD0,2026-07-31,ACCT-7D3D3351FAD0,Wire,Call Center,81105.08,processed,,Northeast,6.2
TXN-89646000C155,2026-08-07,ACCT-89646000C155,ACH,API,1539.49,processed,,Northeast,0.9
TXN-C2D2C8AA1447,2026-07-18,ACCT-C2D2C8AA1447,Card,Mobile,110.0,processed,,Southeast,3.9
TXN-A453E54E1885,2026-08-14,ACCT-A453E54E1885,Card,Mobile,191.07,processed,,Northeast,1.0
TXN-F9808E3A975D,2026-09-18,ACCT-F9808E3A975D,ACH,API,12007.63,processed,,Southeast,8.5
TXN-119170D7296A,2026-08-17,ACCT-119170D7296A,Card,Mobile,666.2,processed,,Southwest,0.7
TXN-C563762DB1EE,2026-07-15,ACCT-C563762DB1EE,Bill Pay,Mobile,458.93,processed,,Midwest,3.5
TXN-BD2EE1D6E59D,2026-08-13,ACCT-BD2EE1D6E59D,ACH,API,916.55,processed,,Midwest,1.4
TXN-EC84ADE2B5EB,2026-09-18,ACCT-EC84ADE2B5EB,Wire,Call Center,44916.94,processed,,West,4.6
TXN-73CD9F27540D,2026-07-23,ACCT-73CD9F27540D,Wire,Branch,24767.5,processed,,Southeast,3.8
TXN-AF63B4785BBD,2026-07-03,ACCT-AF63B4785BBD,Card,Online,154.23,processed,,Midwest,4.6
TXN-2C65D45E4794,2026-07-08,ACCT-2C65D45E4794,Zelle/P2P,Mobile,246.73,processed,,West,1.4
TXN-3102FA07CF43,2026-07-30,ACCT-3102FA07CF43,Card,ATM,339.85,processed,,Midwest,2.2
TXN-75A5B561AFBE,2026-09-03,ACCT-75A5B561AFBE,Card,Online,154.86,processed,,Southwest,2.1
TXN-A21E1BCBECAF,2026-09-14,ACCT-A21E1BCBECAF,Wire,Online,27800.42,processed,,West,3.5
TXN-148C03C4DE06,2026-08-17,ACCT-148C03C4DE06,Card,Mobile,76.78,processed,,Northeast,5.6
TXN-11CC3A859521,2026-09-15,ACCT-11CC3A859521,Check,ATM,44860.96,processed,,Southwest,1.5
TXN-69421DC83ECB,2026-08-18,ACCT-69421DC83ECB,ACH,Online,5062.74,processed,,Southeast,7.7
TXN-ECDAC8C096F7,2026-09-15,ACCT-ECDAC8C096F7,Card,Mobile,45.8,processed,,Northeast,4.2
TXN-1110AD464B46,2026-07-14,ACCT-1110AD464B46,ACH,Online,5907.53,processed,,Northeast,2.8
TXN-F2D4E9024B52,2026-09-11,ACCT-F2D4E9024B52,Card,Online,251.22,pending,,Southeast,15.3
TXN-0A62D15875E7,2026-08-03,ACCT-0A62D15875E7,ACH,Online,15273.15,processed,,West,2.5
TXN-6D95CF7C8482,2026-07-12,ACCT-6D95CF7C8482,ACH,Online,4825.44,processed,,Southwest,4.7
TXN-6234DAFAD0C2,2026-08-16,ACCT-6234DAFAD0C2,Zelle/P2P,Mobile,226.47,processed,,Southeast,2.9
TXN-4215A8A651F6,2026-09-09,ACCT-4215A8A651F6,Bill Pay,Online,310.31,processed,,Southwest,5.6
TXN-BEFF5DC7D432,2026-07-20,ACCT-BEFF5DC7D432,Wire,Branch,113926.94,exception,Duplicate submission,Midwest,60.1
TXN-402467125650,2026-08-31,ACCT-402467125650,Check,ATM,14539.07,processed,,Southeast,5.3
TXN-A9D6BF56AA87,2026-09-04,ACCT-A9D6BF56AA87,Check,Mobile,7964.69,processed,,Southeast,5.0
TXN-63799D88C89F,2026-08-29,ACCT-63799D88C89F,Card,Mobile,94.91,processed,,Midwest,3.6
TXN-10CB9D2F8BE3,2026-08-14,ACCT-10CB9D2F8BE3,Card,Mobile,180.37,processed,,Southwest,13.6
TXN-05E27E8F6F70,2026-09-09,ACCT-05E27E8F6F70,Zelle/P2P,Mobile,340.9,processed,,Midwest,10.4
TXN-1875853A561E,2026-08-14,ACCT-1875853A561E,Bill Pay,Call Center,3106.13,exception,Stale dated,Northeast,26.8
TXN-7A3AD54872D9,2026-07-21,ACCT-7A3AD54872D9,Card,Mobile,153.08,processed,,Northeast,1.3
TXN-864E30ED8784,2026-09-09,ACCT-864E30ED8784,Card,Mobile,102.14,processed,,Midwest,19.6
TXN-955819AA1941,2026-08-12,ACCT-955819AA1941,Zelle/P2P,Mobile,57.11,processed,,Southwest,4.0
TXN-41A78DF1C4D8,2026-09-17,ACCT-41A78DF1C4D8,Wire,Call Center,16571.68,processed,,Southwest,3.0
TXN-63C5CD559EAF,2026-07-29,ACCT-63C5CD559EAF,Card,Online,89.96,processed,,Northeast,2.0
TXN-39188A258774,2026-07-31,ACCT-39188A258774,Card,ATM,118.14,processed,,Midwest,0.3
TXN-90EE6A61A7EB,2026-08-27,ACCT-90EE6A61A7EB,Check,Mobile,5379.34,processed,,Midwest,22.8
TXN-FBB048687BF3,2026-08-12,ACCT-FBB048687BF3,ACH,Mobile,1099.84,processed,,West,0.9
TXN-A0C2D21CA369,2026-08-19,ACCT-A0C2D21CA369,Card,Mobile,102.41,exception,Stale dated,Southwest,3.2
TXN-79B76AB441D2,2026-07-14,ACCT-79B76AB441D2,ACH,API,2450.33,failed,,Southwest,6.6
TXN-ADACEA8890AC,2026-06-24,ACCT-ADACEA8890AC,Card,Mobile,165.3,processed,,Southeast,1.4
TXN-6D69CB57D035,2026-08-19,ACCT-6D69CB57D035,Card,Online,146.29,processed,,Northeast,1.3
TXN-EE7670C8EF5A,2026-07-10,ACCT-EE7670C8EF5A,Check,Branch,677.94,processed,,Northeast,4.6
TXN-6551BE53B208,2026-09-10,ACCT-6551BE53B208,ACH,Mobile,1127.0,processed,,Southeast,2.6
TXN-8104DF31701F,2026-09-09,ACCT-8104DF31701F,ACH,API,949.19,processed,,Midwest,2.8
TXN-AD3B83575249,2026-08-25,ACCT-AD3B83575249,Check,Mobile,3316.25,processed,,West,13.1
TXN-0EA9EDE75763,2026-08-06,ACCT-0EA9EDE75763,Card,Mobile,71.89,processed,,West,3.6
TXN-CAE0ADC62933,2026-07-03,ACCT-CAE0ADC62933,ACH,Online,1535.19,processed,,Southwest,5.4
TXN-5C9B908EA391,2026-07-10,ACCT-5C9B908EA391,ACH,Online,2670.19,processed,,Southeast,1.9
TXN-1FE326350EF1,2026-07-03,ACCT-1FE326350EF1,ACH,Mobile,18524.26,processed,,Southwest,9.3
TXN-621CB5D0BDEA,2026-08-20,ACCT-621CB5D0BDEA,ACH,Mobile,958.89,processed,,Southeast,1.1
TXN-AD24C79E0917,2026-08-04,ACCT-AD24C79E0917,Bill Pay,Online,1556.66,processed,,Midwest,3.2
TXN-73B59AB723EA,2026-07-02,ACCT-73B59AB723EA,Card,ATM,52.52,processed,,Southeast,2.2
TXN-796696DE3D0D,2026-08-12,ACCT-796696DE3D0D,Bill Pay,Online,422.62,processed,,Southwest,1.9
TXN-944C8E8AA2B6,2026-09-14,ACCT-944C8E8AA2B6,Card,ATM,821.81,pending,,Southeast,1.4
TXN-C2822BFE55C1,2026-08-24,ACCT-C2822BFE55C1,Wire,Branch,16563.56,exception,Account number mismatch,Southwest,21.4
TXN-0A0809D84482,2026-06-30,ACCT-0A0809D84482,Zelle/P2P,Mobile,1007.09,processed,,Northeast,1.5
TXN-4410B136DFBC,2026-07-28,ACCT-4410B136DFBC,ACH,Mobile,1598.39,processed,,Northeast,1.3
TXN-07AEB7EBDBF3,2026-07-15,ACCT-07AEB7EBDBF3,Card,Mobile,760.11,processed,,Northeast,3.1
TXN-33ADBAE8F837,2026-07-01,ACCT-33ADBAE8F837,ACH,API,641.72,processed,,West,10.5
TXN-FF21B44EF576,2026-08-23,ACCT-FF21B44EF576,Check,Branch,16874.67,processed,,Southeast,5.6
TXN-14E2FAA4E214,2026-07-16,ACCT-14E2FAA4E214,Card,Mobile,546.8,processed,,West,0.3
TXN-8C84718C554A,2026-09-14,ACCT-8C84718C554A,Wire,Branch,17670.69,processed,,Northeast,41.6
TXN-86658FAF793D,2026-06-29,ACCT-86658FAF793D,Zelle/P2P,Mobile,259.13,failed,,Southeast,6.9
TXN-609B02A077EB,2026-08-06,ACCT-609B02A077EB,Wire,Online,86276.32,processed,,Southwest,6.5
TXN-277879FDCBCD,2026-07-14,ACCT-277879FDCBCD,ACH,API,3592.34,processed,,Southeast,2.5
TXN-213FC33D8F2D,2026-09-12,ACCT-213FC33D8F2D,ACH,Branch,3376.4,processed,,Midwest,0.8
TXN-F536FE5871FE,2026-08-18,ACCT-F536FE5871FE,ACH,Branch,4093.4,processed,,Northeast,2.3
TXN-D9665502CA32,2026-06-30,ACCT-D9665502CA32,ACH,Online,991.78,processed,,Midwest,7.6
TXN-5891A92CA06C,2026-07-02,ACCT-5891A92CA06C,ACH,Online,1251.89,processed,,West,7.1
TXN-21221D887658,2026-08-13,ACCT-21221D887658,Wire,Call Center,2313.98,exception,Stale dated,Midwest,71.8
TXN-3022430A4CBC,2026-08-02,ACCT-3022430A4CBC,Bill Pay,Call Center,1146.84,processed,,Northeast,1.9
TXN-E4B7A4DE7B60,2026-07-18,ACCT-E4B7A4DE7B60,Zelle/P2P,Mobile,353.21,processed,,Southwest,4.7
TXN-07F8F32F6D2C,2026-09-10,ACCT-07F8F32F6D2C,ACH,Online,732.57,processed,,Southeast,10.7
TXN-3D4FC88AFFE5,2026-08-06,ACCT-3D4FC88AFFE5,ACH,Mobile,1344.48,processed,,West,1.3
TXN-8AA9E929163B,2026-09-21,ACCT-8AA9E929163B,ACH,Online,13623.22,processed,,Southwest,4.3
TXN-13F0582D4976,2026-08-29,ACCT-13F0582D4976,Card,Mobile,91.2,processed,,Midwest,1.7
TXN-CC7DCBF44CDA,2026-09-09,ACCT-CC7DCBF44CDA,Check,Branch,333.9,processed,,Southeast,12.0
TXN-C4B662A2435E,2026-09-07,ACCT-C4B662A2435E,Zelle/P2P,Online,215.21,processed,,Midwest,0.2
TXN-F949936DE1DC,2026-06-29,ACCT-F949936DE1DC,Card,Mobile,1310.56,processed,,Southwest,6.0
TXN-F639025632B3,2026-08-18,ACCT-F639025632B3,ACH,API,2915.78,processed,,West,0.8
TXN-B764ECDC8884,2026-08-24,ACCT-B764ECDC8884,Card,Online,155.44,pending,,Northeast,0.3
TXN-C5CB1D3A8599,2026-08-24,ACCT-C5CB1D3A8599,Card,Mobile,504.49,pending,,Southeast,6.5
TXN-F59F52637E1F,2026-08-13,ACCT-F59F52637E1F,Card,Mobile,115.42,processed,,West,2.2
TXN-AB7D26EE68D8,2026-09-14,ACCT-AB7D26EE68D8,Check,Branch,3371.48,processed,,Midwest,3.2
TXN-C5774EFBF552,2026-08-31,ACCT-C5774EFBF552,ACH,Online,3296.96,processed,,Southeast,15.4
TXN-6350214AD396,2026-08-13,ACCT-6350214AD396,ACH,Online,3050.96,processed,,West,1.7
TXN-0A211AB9E6C4,2026-07-02,ACCT-0A211AB9E6C4,Check,Branch,7988.19,processed,,Northeast,6.9
TXN-FBB41B11B647,2026-07-13,ACCT-FBB41B11B647,Check,Mobile,541.12,processed,,Southeast,3.1
TXN-097B8FEDFF6B,2026-06-29,ACCT-097B8FEDFF6B,Zelle/P2P,Mobile,258.17,processed,,Northeast,3.4
TXN-7AF8783D5C49,2026-07-12,ACCT-7AF8783D5C49,Card,Online,227.82,processed,,Midwest,1.4
TXN-609C24246177,2026-09-09,ACCT-609C24246177,Card,Online,117.87,processed,,Northeast,6.4
TXN-0449A1606B65,2026-08-11,ACCT-0449A1606B65,ACH,Branch,305266.26,processed,,West,0.8
TXN-1BA6C3340988,2026-09-03,ACCT-1BA6C3340988,Card,Mobile,308.79,processed,,Midwest,3.5
TXN-7D96FA95A609,2026-09-21,ACCT-7D96FA95A609,Wire,Branch,10170.99,processed,,Southwest,6.8
TXN-0B4572AED90E,2026-07-24,ACCT-0B4572AED90E,Check,Branch,9877.12,processed,,Northeast,2.0
TXN-B4801B543A6F,2026-08-06,ACCT-B4801B543A6F,Card,Online,28.81,processed,,Midwest,4.3
TXN-A9FFBDF317B2,2026-07-01,ACCT-A9FFBDF317B2,ACH,Online,3009.52,processed,,Northeast,1.1
TXN-EA0BA3591BEF,2026-09-02,ACCT-EA0BA3591BEF,Zelle/P2P,Mobile,421.52,processed,,Northeast,10.0
TXN-876E05B1317C,2026-08-13,ACCT-876E05B1317C,ACH,Online,8884.3,processed,,Midwest,8.7
TXN-94149F95EDEB,2026-07-11,ACCT-94149F95EDEB,ACH,Mobile,5661.37,exception,Duplicate submission,Northeast,1.8
TXN-BFE5E58C784F,2026-06-30,ACCT-BFE5E58C784F,ACH,Branch,4480.54,processed,,Northeast,7.1
TXN-83BF0959D455,2026-07-15,ACCT-83BF0959D455,ACH,API,22282.66,processed,,Southeast,1.1
TXN-25CF44159B6F,2026-09-04,ACCT-25CF44159B6F,ACH,Online,1290.08,processed,,Southeast,0.6
TXN-136AA1594898,2026-06-26,ACCT-136AA1594898,Card,Mobile,110.93,processed,,West,5.6
TXN-FF25D1FAFA8A,2026-06-26,ACCT-970EA8191C9C,Card,Online,25.16,processed,,Midwest,2.4
TXN-87E50B287059,2026-08-18,ACCT-87E50B287059,ACH,Mobile,6265.55,processed,,Southwest,1.4
TXN-00037F39CF87,2026-07-05,ACCT-00037F39CF87,Card,Mobile,55.55,processed,,Southeast,2.4
TXN-A47EA4AA0768,2026-08-20,ACCT-A47EA4AA0768,Check,Mobile,384.44,processed,,Southeast,3.8
TXN-5B473A86093A,2026-07-07,ACCT-5B473A86093A,Zelle/P2P,Mobile,286.06,processed,,West,11.4
TXN-7104741A92E7,2026-08-25,ACCT-7104741A92E7,Check,ATM,1115.0,processed,,Southeast,23.2
TXN-6135585B98EA,2026-08-28,ACCT-6135585B98EA,Check,ATM,1014.54,processed,,Northeast,2.3
TXN-624B333D44AA,2026-08-23,ACCT-624B333D44AA,ACH,Online,606.3,processed,,Northeast,8.9
TXN-6C223087AF0A,2026-08-05,ACCT-6C223087AF0A,Bill Pay,Online,3654.71,processed,,Midwest,6.3
TXN-F7A13FBD11A5,2026-08-11,ACCT-F7A13FBD11A5,ACH,API,3899.22,processed,,Midwest,1.4
TXN-2B5AFC8A5727,2026-08-04,ACCT-2B5AFC8A5727,ACH,Branch,7586.59,processed,,West,5.1
TXN-70EC38228423,2026-07-30,ACCT-70EC38228423,Card,Mobile,301.34,pending,,Northeast,4.7
TXN-072397AC3931,2026-09-01,ACCT-072397AC3931,Card,ATM,55.1,processed,,West,1.3
TXN-B85A0C907F2D,2026-07-01,ACCT-B85A0C907F2D,ACH,API,11658.71,processed,,West,8.2
TXN-F31C8CC81556,2026-09-14,ACCT-F31C8CC81556,ACH,API,840.83,processed,,Northeast,1.3
TXN-9ED41A4C5AA6,2026-09-14,ACCT-9ED41A4C5AA6,ACH,Branch,1412.38,processed,,Southwest,3.0
TXN-973FE0A45182,2026-07-16,ACCT-973FE0A45182,ACH,API,1123.53,processed,,Southwest,2.8
TXN-1A55941E9B13,2026-07-22,ACCT-1A55941E9B13,Check,Branch,1111.66,processed,,Midwest,2.2
TXN-881319805B31,2026-06-25,ACCT-881319805B31,ACH,Online,1272.83,processed,,Southwest,1.6
TXN-8A8B675FD7B2,2026-07-25,ACCT-8A8B675FD7B2,Card,Mobile,424.1,processed,,Southwest,3.1
TXN-D0B0C7BB6C37,2026-07-02,ACCT-D0B0C7BB6C37,Card,Online,94.64,processed,,Southeast,3.2
TXN-5409DAB8489F,2026-08-26,ACCT-5409DAB8489F,Bill Pay,Call Center,811.81,processed,,Northeast,12.5
TXN-6457CE9595B1,2026-07-07,ACCT-6457CE9595B1,ACH,Branch,6405.26,processed,,Southeast,3.2
TXN-9C273B9B6D8B,2026-09-15,ACCT-9C273B9B6D8B,ACH,Branch,6743.19,processed,,Midwest,2.9
TXN-60F245D0036A,2026-08-09,ACCT-60F245D0036A,ACH,API,3419.37,processed,,Southeast,3.6
TXN-2C4C4C317B20,2026-08-12,ACCT-2C4C4C317B20,Card,Online,224.92,processed,,Midwest,0.6
TXN-64B3DB28D65E,2026-07-23,ACCT-64B3DB28D65E,ACH,Online,2948.0,failed,,Midwest,8.4
TXN-20891D89E7D8,2026-08-27,ACCT-20891D89E7D8,Card,Online,67.1,processed,,Northeast,2.3
TXN-714E65EA2496,2026-08-11,ACCT-714E65EA2496,Zelle/P2P,Mobile,236.05,processed,,Midwest,1.4
TXN-C225FC8A5D40,2026-08-19,ACCT-C225FC8A5D40,Zelle/P2P,Mobile,505.34,processed,,Southwest,1.2
TXN-7AA1D9F0D19C,2026-07-15,ACCT-7AA1D9F0D19C,Card,Mobile,29.68,processed,,Southwest,5.2
TXN-176AD2FC7B7C,2026-08-28,ACCT-176AD2FC7B7C,Zelle/P2P,Online,431.1,processed,,Southeast,1.8
TXN-EA75E872D769,2026-09-13,ACCT-EA75E872D769,Card,Mobile,84.29,processed,,Southeast,2.3
TXN-482C74530109,2026-07-16,ACCT-482C74530109,Card,Mobile,83.48,processed,,Northeast,1.7
TXN-D1B02078947B,2026-09-06,ACCT-D1B02078947B,ACH,Branch,2924.89,processed,,Midwest,1.2
TXN-13DFC55CC80D,2026-09-10,ACCT-13DFC55CC80D,Check,ATM,17271.04,processed,,Midwest,0.6
TXN-0D9653B98D11,2026-07-24,ACCT-0D9653B98D11,ACH,Online,1680.09,processed,,Southeast,1.9
TXN-9F8D8DD92DDA,2026-07-16,ACCT-9F8D8DD92DDA,ACH,API,4632.46,processed,,Northeast,14.5
TXN-96BA8F208C98,2026-06-25,ACCT-96BA8F208C98,Card,Mobile,876.32,failed,,Midwest,99.2
TXN-8B2DC50B9E36,2026-07-21,ACCT-8B2DC50B9E36,Zelle/P2P,Mobile,1086.83,pending,,Southwest,2.0
TXN-FBD75F21EFA3,2026-09-08,ACCT-FBD75F21EFA3,Bill Pay,Online,1195.73,processed,,Southeast,6.7
TXN-FD17E56E56EF,2026-08-04,ACCT-FD17E56E56EF,ACH,API,532.27,processed,,Southwest,2.0
TXN-B2EF3821C478,2026-08-04,ACCT-B2EF3821C478,Zelle/P2P,Online,277.05,processed,,West,1.7
TXN-356EAAEBD1E0,2026-09-02,ACCT-356EAAEBD1E0,ACH,API,3223.39,processed,,Midwest,1.3
TXN-5484DA739EA5,2026-07-10,ACCT-5484DA739EA5,Card,Online,117.9,processed,,Southeast,1.4
TXN-1EDFDD7B3BF5,2026-07-14,ACCT-1EDFDD7B3BF5,Card,Mobile,64.03,processed,,West,7.3
TXN-806D5B20E8F5,2026-07-22,ACCT-806D5B20E8F5,Zelle/P2P,Mobile,255.58,processed,,Midwest,0.9
TXN-7DC1BC2DB837,2026-07-07,ACCT-7DC1BC2DB837,Card,Mobile,263.18,processed,,West,2.3
TXN-945FD3C2D39B,2026-07-24,ACCT-945FD3C2D39B,ACH,API,7459.77,processed,,Southwest,3.7
TXN-D188F8473C53,2026-08-13,ACCT-D188F8473C53,Check,Mobile,17778.38,processed,,West,1.2
TXN-04FB85AC0384,2026-07-24,ACCT-04FB85AC0384,ACH,Branch,3468.57,processed,,Southwest,1.4
TXN-21B65E455525,2026-07-18,ACCT-21B65E455525,ACH,API,24407.12,failed,,Southeast,11.4
TXN-1299981A055D,2026-07-31,ACCT-1299981A055D,ACH,Branch,2936.95,processed,,Southeast,2.4
TXN-0F4D35538DEC,2026-08-04,ACCT-0F4D35538DEC,Bill Pay,Online,2016.82,processed,,Southeast,2.9
TXN-F308BB85F067,2026-09-03,ACCT-F308BB85F067,Card,ATM,106.08,processed,,Southwest,1.0
TXN-7F34A9C9FD36,2026-09-13,ACCT-7F34A9C9FD36,Card,Mobile,374.76,processed,,Northeast,3.4
TXN-0C66E40996B7,2026-09-10,ACCT-0C66E40996B7,ACH,Branch,2513.49,processed,,Southwest,5.4
TXN-6C4567C89DEE,2026-07-17,ACCT-6C4567C89DEE,ACH,Branch,4507.08,processed,,Northeast,3.5
TXN-A42E815C58F3,2026-06-26,ACCT-A42E815C58F3,Check,Mobile,10298.71,pending,,Southeast,2.3
TXN-BB9F07CC6BDF,2026-08-20,ACCT-BB9F07CC6BDF,Card,Mobile,129.7,processed,,Midwest,4.3
TXN-8853EB4E50DA,2026-07-04,ACCT-8853EB4E50DA,Zelle/P2P,Mobile,718.44,processed,,Northeast,0.6
TXN-9C2CAD8C2A2A,2026-09-20,ACCT-9C2CAD8C2A2A,Zelle/P2P,Mobile,292.56,processed,,West,8.1
TXN-E353F43DE546,2026-07-27,ACCT-E353F43DE546,Zelle/P2P,Mobile,978.6,processed,,Northeast,1.3
TXN-AD9BCF2FC04A,2026-08-10,ACCT-AD9BCF2FC04A,Check,Mobile,3916.15,processed,,Midwest,3.0
TXN-7A784CCDEE45,2026-08-13,ACCT-7A784CCDEE45,Zelle/P2P,Mobile,778.68,processed,,Southeast,3.6
TXN-C1844F3E67A9,2026-09-03,ACCT-C1844F3E67A9,Card,Mobile,451.52,processed,,Southwest,5.3
TXN-226B42699C9C,2026-07-31,ACCT-226B42699C9C,Zelle/P2P,Mobile,338.18,processed,,Northeast,16.9
TXN-BCBC4D19102F,2026-08-20,ACCT-BCBC4D19102F,Zelle/P2P,Mobile,843.43,processed,,West,3.5
TXN-0ACA1BA042E7,2026-07-08,ACCT-0ACA1BA042E7,ACH,Mobile,7244.26,processed,,Northeast,6.3
TXN-C9EDA60A6272,2026-07-09,ACCT-C9EDA60A6272,Bill Pay,Online,710.14,processed,,Southwest,2.2
TXN-C6D1C586931B,2026-07-03,ACCT-C6D1C586931B,ACH,Online,571.07,processed,,Southeast,1.4
TXN-64251BD57934,2026-09-07,ACCT-64251BD57934,Check,Mobile,20800.06,processed,,Midwest,1.8
TXN-6938D183432D,2026-07-23,ACCT-6938D183432D,Card,Online,68.59,processed,,Midwest,0.2
TXN-1A3AE5F4BF30,2026-07-02,ACCT-1A3AE5F4BF30,Card,ATM,49.1,exception,Account number mismatch,Midwest,48.7
TXN-3D2E0EB68BB1,2026-08-04,ACCT-3D2E0EB68BB1,Bill Pay,Online,775.86,processed,,Southwest,3.1
TXN-3457BE997316,2026-09-07,ACCT-3457BE997316,Zelle/P2P,Online,234.7,processed,,Southwest,4.7
TXN-92634032D514,2026-07-14,ACCT-92634032D514,ACH,Branch,6111.56,processed,,Northeast,2.1
TXN-37106924F264,2026-07-10,ACCT-37106924F264,ACH,Branch,2019.72,processed,,Southwest,0.6
TXN-DC6C5DF2F682,2026-09-16,ACCT-DC6C5DF2F682,Check,Branch,5688.24,processed,,Southeast,4.7
TXN-CC5D436719B0,2026-07-08,ACCT-CC5D436719B0,Zelle/P2P,Online,1526.79,processed,,Midwest,3.3
TXN-919C68FF757C,2026-07-30,ACCT-919C68FF757C,Check,Branch,459.69,processed,,Southwest,3.4
TXN-0C5F64081C8F,2026-07-29,ACCT-0C5F64081C8F,Check,Branch,5178.99,pending,,Southeast,3.5
TXN-B0A011921418,2026-09-09,ACCT-B0A011921418,Card,Online,30.11,processed,,Northeast,0.9
TXN-249298388B45,2026-07-02,ACCT-249298388B45,ACH,API,6114.1,processed,,Southeast,0.5
TXN-6B1B73831CBB,2026-09-11,ACCT-6B1B73831CBB,ACH,API,33278.3,failed,,Midwest,14.9
TXN-2B06CA1AA59F,2026-08-14,ACCT-2B06CA1AA59F,Card,ATM,73.51,processed,,West,2.8
TXN-9A078AE21AC6,2026-07-15,ACCT-9A078AE21AC6,Check,Mobile,7148.08,processed,,Northeast,3.7
TXN-C378ABBA7C36,2026-07-14,ACCT-C378ABBA7C36,Card,Mobile,85.54,processed,,Northeast,2.3
TXN-F7D9615965E2,2026-07-10,ACCT-F7D9615965E2,Zelle/P2P,Mobile,2297.29,processed,,Southeast,1.5
TXN-61C8B039AFA8,2026-09-09,ACCT-61C8B039AFA8,ACH,API,12459.61,processed,,Northeast,1.0
TXN-6E5543FAE505,2026-08-30,ACCT-6E5543FAE505,Check,Mobile,37568.54,processed,,West,1.7
TXN-7CB1CF7E317B,2026-07-27,ACCT-7CB1CF7E317B,ACH,API,7758.08,processed,,Southeast,0.7
TXN-2BB5638F2ABF,2026-07-12,ACCT-2BB5638F2ABF,Zelle/P2P,Mobile,262.46,exception,Amount exceeds limit,West,18.4
TXN-8F6256E1EA77,2026-09-17,ACCT-8F6256E1EA77,Bill Pay,Mobile,1887.95,processed,,Northeast,14.4
TXN-1FD60831CE3E,2026-07-02,ACCT-1FD60831CE3E,Zelle/P2P,Mobile,139.46,processed,,Northeast,2.6
TXN-F8A0DF1C9B0A,2026-07-03,ACCT-F8A0DF1C9B0A,Card,Online,331.97,processed,,Midwest,1.8
TXN-DBE233E698F7,2026-07-23,ACCT-DBE233E698F7,Zelle/P2P,Mobile,1062.84,processed,,Southwest,0.8
TXN-394AA826BD5A,2026-09-02,ACCT-394AA826BD5A,Wire,Branch,7919.25,processed,,Southwest,5.9
TXN-13594300CB05,2026-09-09,ACCT-13594300CB05,Card,Mobile,80.0,processed,,Northeast,5.7
TXN-9E54FA93DBAD,2026-07-29,ACCT-9E54FA93DBAD,Bill Pay,Online,562.01,processed,,Northeast,1.8
TXN-834F89542A71,2026-08-17,ACCT-834F89542A71,Card,Online,26.65,processed,,Southeast,5.3
TXN-6CBF5F12D478,2026-07-01,ACCT-6CBF5F12D478,Bill Pay,Online,1442.64,processed,,Southeast,1.5
TXN-688084ED7CDD,2026-08-18,ACCT-688084ED7CDD,Zelle/P2P,Mobile,231.75,processed,,Northeast,2.2
TXN-E9E2F071D046,2026-09-01,ACCT-E9E2F071D046,Card,Online,100.49,processed,,West,4.2
TXN-C4558976CC81,2026-07-02,ACCT-C4558976CC81,Card,Online,720.55,processed,,Southeast,1.3
TXN-4801D04DEC3C,2026-07-29,ACCT-4801D04DEC3C,Card,Mobile,45.83,processed,,Southwest,17.3
TXN-971086C38C25,2026-09-15,ACCT-971086C38C25,Card,Mobile,11.73,processed,,Southwest,19.8
TXN-01D7BF16E2B3,2026-08-07,ACCT-01D7BF16E2B3,Card,Mobile,98.71,processed,,Midwest,6.8
TXN-BE2D944F61A4,2026-08-02,ACCT-BE2D944F61A4,Card,Online,102.05,processed,,Southwest,5.4
TXN-9E2F3F2D8B39,2026-08-06,ACCT-9E2F3F2D8B39,Zelle/P2P,Mobile,2472.88,processed,,Midwest,3.2
TXN-DD79B9E0625E,2026-09-11,ACCT-DD79B9E0625E,Wire,Call Center,79977.3,processed,,West,15.0
TXN-930485BBFAB0,2026-08-04,ACCT-930485BBFAB0,ACH,Online,32041.1,processed,,Northeast,0.7
TXN-15DA563DF296,2026-07-20,ACCT-15DA563DF296,Zelle/P2P,Mobile,761.28,processed,,Southeast,2.6
TXN-A0B2ED936B32,2026-08-05,ACCT-A0B2ED936B32,ACH,Online,5700.25,processed,,Southeast,2.7
TXN-0A8D9AD647B7,2026-08-12,ACCT-0A8D9AD647B7,Zelle/P2P,Mobile,460.17,processed,,Southwest,4.1
TXN-D6FCFBD13C52,2026-06-26,ACCT-D6FCFBD13C52,Check,Mobile,9638.21,processed,,West,0.5
TXN-22214B8F40FC,2026-09-16,ACCT-22214B8F40FC,Card,Mobile,508.76,pending,,Northeast,2.8
TXN-A9805889B076,2026-07-27,ACCT-A9805889B076,Check,Branch,2188.16,pending,,Southwest,3.2
TXN-40381BADC8E9,2026-09-06,ACCT-40381BADC8E9,Zelle/P2P,Online,137.4,processed,,Northeast,9.2
TXN-210C4B3F4E5C,2026-09-11,ACCT-210C4B3F4E5C,ACH,API,8178.37,processed,,Southeast,5.5
TXN-2955B0AF23D3,2026-09-15,ACCT-2955B0AF23D3,Check,Branch,1847.6,processed,,Southwest,1.8
TXN-0A8C9BD2ACB5,2026-08-26,ACCT-0A8C9BD2ACB5,Zelle/P2P,Online,1142.37,processed,,Northeast,3.4
TXN-3269FB1A535F,2026-08-30,ACCT-3269FB1A535F,Bill Pay,Call Center,148.26,processed,,Southwest,5.1
TXN-0B2BA685BF30,2026-08-10,ACCT-0B2BA685BF30,Zelle/P2P,Mobile,1360.46,processed,,Northeast,1.7
TXN-AF1D979FA746,2026-08-15,ACCT-AF1D979FA746,Zelle/P2P,Mobile,549.09,processed,,Midwest,5.0
TXN-E11741781322,2026-08-20,ACCT-E11741781322,Card,Mobile,102.15,processed,,Midwest,0.5
TXN-C9B8F5D6C6DE,2026-08-13,ACCT-C9B8F5D6C6DE,Check,Branch,6511.25,processed,,Northeast,1.7
TXN-4CB67DE72A30,2026-09-02,ACCT-4CB67DE72A30,ACH,Online,6827.78,processed,,Northeast,6.8
TXN-6777D66CDCEB,2026-09-17,ACCT-6777D66CDCEB,Card,Mobile,192.66,processed,,West,2.5
TXN-8003E3FC1D08,2026-08-07,ACCT-8003E3FC1D08,Bill Pay,Online,296.78,processed,,Northeast,0.5
TXN-EB266A6DDF70,2026-07-17,ACCT-EB266A6DDF70,Zelle/P2P,Mobile,289.41,processed,,Southwest,4.6
TXN-09BA29F0FD7C,2026-08-14,ACCT-09BA29F0FD7C,Card,ATM,803.31,processed,,Midwest,6.9
TXN-B6602F58690C,2026-07-10,ACCT-B6602F58690C,Zelle/P2P,Mobile,457.82,processed,,West,1.4
TXN-F7C6E900F8C3,2026-08-19,ACCT-F7C6E900F8C3,Bill Pay,Online,2811.36,processed,,Southeast,13.0
TXN-7E53491BB693,2026-07-28,ACCT-7E53491BB693,Check,ATM,21048.02,processed,,West,6.5
TXN-440A08A6B58D,2026-07-27,ACCT-440A08A6B58D,Check,Mobile,1009.11,processed,,Southeast,3.1
TXN-4C61A70BECBC,2026-08-06,ACCT-4C61A70BECBC,Card,Mobile,66.46,processed,,West,2.9
TXN-80CAB1CE32C3,2026-08-11,ACCT-80CAB1CE32C3,Zelle/P2P,Mobile,229.57,processed,,Midwest,5.0
TXN-B8596FFE83F1,2026-07-14,ACCT-B8596FFE83F1,Zelle/P2P,Mobile,225.48,processed,,Southeast,1.4
TXN-601F724638A3,2026-08-20,ACCT-601F724638A3,ACH,API,10719.46,processed,,Northeast,2.3
TXN-4FF556E54435,2026-08-27,ACCT-4FF556E54435,Card,Online,370.04,processed,,Midwest,2.8
TXN-E4301955D948,2026-06-24,ACCT-E4301955D948,Wire,Call Center,132520.02,processed,,Southeast,4.4
TXN-BF0A60EE19AD,2026-09-04,ACCT-BF0A60EE19AD,Wire,Call Center,107395.42,processed,,Southeast,11.0
TXN-166C6333A79E,2026-08-06,ACCT-166C6333A79E,ACH,Online,1568.91,processed,,Northeast,2.1
TXN-F60AB969FE43,2026-06-26,ACCT-F60AB969FE43,ACH,API,7393.03,processed,,Midwest,1.4
TXN-3C9A2D03EBE0,2026-09-16,ACCT-3C9A2D03EBE0,ACH,API,13909.44,processed,,Midwest,5.0
TXN-9E101D25D155,2026-08-28,ACCT-9E101D25D155,Zelle/P2P,Mobile,235.32,processed,,West,3.8
TXN-39D3B86E60EE,2026-06-24,ACCT-39D3B86E60EE,Check,ATM,3696.73,pending,,West,1.1
TXN-45BCAD1CC583,2026-07-01,ACCT-45BCAD1CC583,Card,Online,253.3,processed,,Southwest,4.0
TXN-FE8F16A41639,2026-09-11,ACCT-FE8F16A41639,Card,Mobile,45.1,failed,,Southwest,56.2
TXN-F338A66D1DC6,2026-08-14,ACCT-F338A66D1DC6,Zelle/P2P,Mobile,381.61,processed,,Northeast,3.8
TXN-EA5F8DEA60E4,2026-09-17,ACCT-EA5F8DEA60E4,Bill Pay,Online,216.83,processed,,Southwest,1.6
TXN-BD8A9509B12C,2026-07-06,ACCT-BD8A9509B12C,Check,ATM,1218.76,processed,,Southeast,6.9
TXN-A90F36007FB3,2026-07-08,ACCT-A90F36007FB3,Check,Mobile,2780.22,processed,,West,1.0
TXN-EC388FFC9FEF,2026-07-17,ACCT-EC388FFC9FEF,Check,Mobile,2670.1,processed,,Midwest,5.1
TXN-A4A1BCB6EF5E,2026-08-19,ACCT-A4A1BCB6EF5E,ACH,Online,2195.23,processed,,Southeast,2.7
TXN-B51E45A12FBA,2026-09-02,ACCT-B51E45A12FBA,ACH,Online,1681.56,processed,,Southeast,1.2
TXN-1268E0C2271F,2026-09-16,ACCT-1268E0C2271F,Card,Online,463.66,processed,,West,1.1
TXN-71B52D4F597D,2026-09-14,ACCT-71B52D4F597D,Bill Pay,Online,821.59,processed,,Southwest,1.4
TXN-0252B081BDA7,2026-07-03,ACCT-0252B081BDA7,Zelle/P2P,Mobile,137.22,processed,,Midwest,3.7
TXN-060C9D7A1205,2026-07-09,ACCT-060C9D7A1205,ACH,API,968.49,processed,,Southeast,6.5
TXN-4A514C08DAD2,2026-07-29,ACCT-4A514C08DAD2,Bill Pay,Online,1391.35,processed,,Midwest,6.2
TXN-C3430F001511,2026-07-15,ACCT-C3430F001511,Card,Mobile,344.62,processed,,West,4.2
TXN-DD7454C87E9E,2026-06-24,ACCT-DD7454C87E9E,Bill Pay,Online,293.45,processed,,Southeast,1.3
TXN-7E45AF4DE8B1,2026-08-17,ACCT-7E45AF4DE8B1,ACH,Mobile,6109.19,processed,,Southwest,3.6
TXN-2E405284682E,2026-08-18,ACCT-2E405284682E,Check,ATM,5324.11,processed,,Northeast,2.4
TXN-110487FDE055,2026-07-22,ACCT-110487FDE055,Zelle/P2P,Mobile,84.83,processed,,Southeast,14.2
TXN-0A24EAB03D51,2026-06-26,ACCT-0A24EAB03D51,Card,Online,47.4,processed,,Northeast,0.8
TXN-DEC1AB2F6D6E,2026-07-23,ACCT-DEC1AB2F6D6E,Bill Pay,Mobile,1948.68,exception,Stale dated,Southeast,17.3
TXN-6550BD8D08AA,2026-08-31,ACCT-6550BD8D08AA,ACH,Mobile,4828.9,processed,,Midwest,4.3
TXN-65882B931B71,2026-09-20,ACCT-65882B931B71,ACH,API,278.26,processed,,Midwest,2.5
TXN-6FF0BA3148A2,2026-09-21,ACCT-6FF0BA3148A2,Card,Mobile,107.94,exception,Hold / compliance review,Northeast,10.1
TXN-7E14A7D9B7CC,2026-07-20,ACCT-7E14A7D9B7CC,Card,Mobile,77.24,processed,,Midwest,1.4
TXN-50868082BD7E,2026-07-28,ACCT-50868082BD7E,ACH,Branch,953.23,processed,,Midwest,2.4
TXN-6366E59B1358,2026-08-20,ACCT-6366E59B1358,ACH,API,9989.27,processed,,Northeast,10.8
TXN-5DCDF9248666,2026-08-23,ACCT-5DCDF9248666,Card,Mobile,169.77,processed,,Southeast,4.4
TXN-50B0A7E40A9A,2026-08-28,ACCT-50B0A7E40A9A,Card,Online,165.81,processed,,West,6.1
TXN-B76064348C44,2026-08-22,ACCT-B76064348C44,Check,ATM,12789.45,exception,Hold / compliance review,Northeast,4.8
TXN-024F281DA9FE,2026-07-07,ACCT-024F281DA9FE,ACH,Mobile,6350.18,processed,,Midwest,2.2
TXN-1EADD92727CD,2026-09-09,ACCT-1EADD92727CD,ACH,API,30407.48,processed,,Southwest,4.7
TXN-F49626E314D8,2026-07-02,ACCT-F49626E314D8,Zelle/P2P,Mobile,90.54,processed,,Northeast,2.4
TXN-DCC4B2FC7CE2,2026-07-11,ACCT-DCC4B2FC7CE2,Check,Branch,4928.19,processed,,Southeast,5.2
TXN-1AE9A2E1D46F,2026-07-13,ACCT-1AE9A2E1D46F,Card,Online,89.82,processed,,Southeast,3.0
TXN-103FAACAD528,2026-09-14,ACCT-103FAACAD528,Check,Branch,1394.68,processed,,West,2.7
TXN-395A5D27C47D,2026-07-01,ACCT-395A5D27C47D,ACH,Mobile,10226.97,processed,,West,5.2
TXN-FBA277F8F6FA,2026-08-20,ACCT-FBA277F8F6FA,Bill Pay,Call Center,651.95,processed,,Southeast,3.8
TXN-035A8EAB4B2A,2026-08-12,ACCT-035A8EAB4B2A,ACH,Branch,26327.73,processed,,West,1.8
TXN-0C519C6EAFE0,2026-09-17,ACCT-0C519C6EAFE0,ACH,Online,5338.45,processed,,Midwest,3.6
TXN-F36E412AEA00,2026-07-15,ACCT-F36E412AEA00,Wire,Branch,45948.46,processed,,Northeast,6.0
TXN-3F8CE55D6E35,2026-09-02,ACCT-3F8CE55D6E35,ACH,API,2417.82,processed,,Northeast,9.9
TXN-7080B0ECADA0,2026-08-22,ACCT-7080B0ECADA0,Bill Pay,Mobile,1627.45,processed,,Northeast,2.3
TXN-2D7CBE075251,2026-07-07,ACCT-2D7CBE075251,Card,Online,32.23,failed,,Northeast,4.8
TXN-CBEB2B3690DE,2026-08-12,ACCT-CBEB2B3690DE,Wire,Call Center,153307.69,processed,,Southeast,6.3
TXN-9326ACEBBB07,2026-09-09,ACCT-9326ACEBBB07,ACH,API,3676.95,processed,,Midwest,6.3
TXN-7FE7914AD0E0,2026-07-30,ACCT-7FE7914AD0E0,Zelle/P2P,Mobile,537.01,processed,,Southwest,1.6
TXN-8A684CE50915,2026-09-02,ACCT-8A684CE50915,ACH,Branch,7729.88,processed,,Midwest,7.5
TXN-7DB4027452D6,2026-06-27,ACCT-7DB4027452D6,Bill Pay,Online,1294.61,processed,,Northeast,1.7
TXN-E8C411B6E105,2026-09-17,ACCT-E8C411B6E105,Zelle/P2P,Mobile,181.3,processed,,Southeast,5.3
TXN-09EAC95EB995,2026-07-24,ACCT-09EAC95EB995,Bill Pay,Mobile,883.54,processed,,West,1.1
TXN-E4E467D7EED7,2026-07-30,ACCT-E4E467D7EED7,Card,Mobile,3735.83,processed,,Southeast,20.7
TXN-42BC92ACB748,2026-07-14,ACCT-42BC92ACB748,Card,Online,24.38,processed,,West,0.9
TXN-DD22C0ECBC10,2026-07-10,ACCT-DD22C0ECBC10,Card,ATM,768.18,processed,,Southwest,1.4
TXN-10B9992767FA,2026-07-14,ACCT-10B9992767FA,Card,Mobile,260.61,failed,,Northeast,3.9
TXN-1158E7E12C5E,2026-09-10,ACCT-1158E7E12C5E,Card,Mobile,12.23,processed,,West,0.9
TXN-67BE144CD3F7,2026-09-04,ACCT-D380D6D09CBF,Card,Online,109.14,processed,,Southeast,1.2
TXN-C093BAF04532,2026-09-17,ACCT-C093BAF04532,Card,Online,18.98,processed,,West,2.5
TXN-C5BE56A56165,2026-08-20,ACCT-C5BE56A56165,Card,Mobile,186.3,processed,,Northeast,2.7
TXN-E7A04DCAB6DA,2026-09-06,ACCT-E7A04DCAB6DA,ACH,API,2168.89,processed,,Southeast,1.4
TXN-8B81BFF8B7FA,2026-09-09,ACCT-8B81BFF8B7FA,Card,Online,142.99,processed,,Northeast,1.6
TXN-6C5C4A7F558C,2026-07-21,ACCT-6C5C4A7F558C,Card,Online,153.18,processed,,Southwest,2.8
TXN-D842AE2C0A2B,2026-08-25,ACCT-D842AE2C0A2B,ACH,Online,5854.99,processed,,Southeast,4.9
TXN-0807BCA9080B,2026-07-08,ACCT-0807BCA9080B,ACH,API,316.05,processed,,Midwest,8.5
TXN-7E2E60DAB3F2,2026-09-10,ACCT-7E2E60DAB3F2,Zelle/P2P,Online,3273.71,processed,,Midwest,0.5
TXN-C3781534A875,2026-09-14,ACCT-C3781534A875,Check,Branch,2413.69,pending,,West,4.0
TXN-6075B2C692F7,2026-09-21,ACCT-6075B2C692F7,Check,ATM,43719.79,processed,,Midwest,0.9
TXN-0BC496BEC1BA,2026-06-24,ACCT-0BC496BEC1BA,Card,ATM,49.23,processed,,Southwest,2.5
TXN-59C65FD7F7A3,2026-08-05,ACCT-59C65FD7F7A3,Card,Online,77.55,processed,,Northeast,7.0
TXN-394C2779DED7,2026-08-06,ACCT-394C2779DED7,Wire,Branch,13163.35,processed,,Southeast,5.7
TXN-13BF67F086A7,2026-08-17,ACCT-13BF67F086A7,Card,Mobile,20.16,processed,,Southeast,12.3
TXN-119D9ADC2AE7,2026-08-02,ACCT-119D9ADC2AE7,Zelle/P2P,Mobile,3391.74,processed,,Northeast,3.7
TXN-5BC6F0850DB9,2026-07-23,ACCT-5BC6F0850DB9,Wire,Call Center,310327.41,processed,,Southwest,4.2
TXN-08986224F0BD,2026-08-26,ACCT-08986224F0BD,Card,Online,252.07,exception,Duplicate submission,Midwest,8.6
TXN-42EC04831006,2026-07-06,ACCT-42EC04831006,Zelle/P2P,Mobile,42.5,processed,,Northeast,2.8
TXN-15AEFC83749A,2026-06-25,ACCT-15AEFC83749A,Bill Pay,Online,2278.11,processed,,Southeast,4.6
TXN-22DB26CEB1A1,2026-09-17,ACCT-22DB26CEB1A1,Card,Online,119.8,processed,,Southeast,2.0
TXN-5E057CC1304E,2026-06-25,ACCT-5E057CC1304E,ACH,Online,2551.67,processed,,Southeast,3.2
TXN-096D925E38BA,2026-06-26,ACCT-096D925E38BA,Bill Pay,Mobile,427.38,processed,,Northeast,7.4
TXN-8D7842DBBAA5,2026-07-29,ACCT-8D7842DBBAA5,Check,Branch,3729.65,processed,,Southwest,1.3
TXN-F0CA4B323465,2026-08-20,ACCT-F0CA4B323465,Card,Mobile,255.19,processed,,Southwest,6.6
TXN-AA699C1B3D4F,2026-08-04,ACCT-AA699C1B3D4F,Zelle/P2P,Mobile,1447.75,processed,,Midwest,4.0
TXN-1AA9EE1BB324,2026-08-11,ACCT-1AA9EE1BB324,ACH,Online,5261.6,processed,,Southeast,1.7
TXN-7DE77083455A,2026-08-17,ACCT-7DE77083455A,Card,Online,65.61,processed,,West,5.3
TXN-89055A456E34,2026-09-03,ACCT-89055A456E34,Bill Pay,Online,3500.46,processed,,Midwest,4.3
TXN-B00A79A401F3,2026-07-29,ACCT-B00A79A401F3,Card,Mobile,47.1,processed,,West,0.9
TXN-8E81DFD10B36,2026-07-21,ACCT-8E81DFD10B36,Card,Online,142.2,processed,,West,3.1
TXN-F522915C7802,2026-09-16,ACCT-F522915C7802,ACH,API,1113.28,failed,,Midwest,13.7
TXN-2FE8980F829F,2026-07-10,ACCT-2FE8980F829F,Card,Mobile,121.89,processed,,Midwest,3.2
TXN-DDD180A44666,2026-07-12,ACCT-DDD180A44666,ACH,Branch,16619.56,processed,,Southeast,2.2
TXN-4BF983753A3D,2026-08-07,ACCT-4BF983753A3D,ACH,Branch,6146.71,processed,,West,1.4
TXN-B0DB929AF528,2026-07-23,ACCT-B0DB929AF528,Card,Mobile,560.53,processed,,Southeast,5.8
TXN-075E88EB4D92,2026-09-18,ACCT-075E88EB4D92,Card,ATM,60.95,processed,,Northeast,4.8
TXN-D1F414659223,2026-08-15,ACCT-D1F414659223,Card,Mobile,59.73,processed,,Midwest,2.2
TXN-8EE8DE43F018,2026-08-12,ACCT-8EE8DE43F018,Card,Mobile,84.96,processed,,Northeast,19.7
TXN-C31CF3D60F63,2026-07-14,ACCT-C31CF3D60F63,ACH,Mobile,3721.75,processed,,West,1.3
TXN-5144BDBE72B3,2026-08-28,ACCT-5144BDBE72B3,ACH,Mobile,15687.05,processed,,Midwest,8.5
TXN-9819017DE361,2026-09-05,ACCT-9819017DE361,Zelle/P2P,Mobile,256.78,pending,,Southeast,3.1
TXN-793A84A351BD,2026-09-19,ACCT-793A84A351BD,Zelle/P2P,Online,839.95,processed,,Northeast,11.4
TXN-7741A789C26B,2026-08-25,ACCT-7741A789C26B,Card,Mobile,151.38,processed,,West,1.9
TXN-D48601BF045A,2026-06-30,ACCT-D48601BF045A,Zelle/P2P,Mobile,381.56,processed,,West,4.1
TXN-5E1B4BFF3AA9,2026-09-04,ACCT-5E1B4BFF3AA9,Zelle/P2P,Online,263.86,processed,,West,2.4
TXN-E7BA44B962D9,2026-07-01,ACCT-E7BA44B962D9,ACH,Mobile,17052.97,processed,,West,1.7
TXN-C8FC3FE21EB4,2026-08-22,ACCT-C8FC3FE21EB4,ACH,Branch,8532.08,processed,,West,3.2
TXN-62BF2B086496,2026-08-18,ACCT-62BF2B086496,Check,Mobile,8072.99,processed,,Southeast,19.2
TXN-B0BEBF80786E,2026-08-31,ACCT-B0BEBF80786E,ACH,Mobile,18720.5,processed,,Northeast,0.6
TXN-AF79F0DBE788,2026-07-13,ACCT-AF79F0DBE788,ACH,Online,10517.78,processed,,West,18.8
TXN-2CC887F17069,2026-07-04,ACCT-2CC887F17069,Card,Mobile,84.81,processed,,Midwest,1.0
TXN-9FE62414E1C4,2026-09-11,ACCT-9FE62414E1C4,Card,Online,318.04,pending,,West,7.6
TXN-85D58B704FB2,2026-07-02,ACCT-85D58B704FB2,Card,Online,20.99,processed,,Northeast,19.6
TXN-3675385E5585,2026-07-29,ACCT-3675385E5585,Zelle/P2P,Mobile,7609.65,processed,,West,2.0
TXN-E4E96D34FECA,2026-09-14,ACCT-E4E96D34FECA,Bill Pay,Online,228.43,failed,,Midwest,5.0
TXN-B5D9D298FD5F,2026-07-01,ACCT-B5D9D298FD5F,ACH,Branch,4643.83,processed,,Midwest,9.5
TXN-A7376FC8B98A,2026-08-28,ACCT-A7376FC8B98A,Check,Branch,72600.66,processed,,Southeast,5.9
TXN-57D24FBC37A0,2026-09-06,ACCT-57D24FBC37A0,Check,ATM,4889.81,processed,,Southwest,1.6
TXN-0681696B4857,2026-07-14,ACCT-0681696B4857,ACH,Online,1330.24,processed,,Southwest,6.4
TXN-725E4CCD3E25,2026-09-02,ACCT-844A4B3DD863,Card,Online,54.32,processed,,Midwest,1.6
TXN-5437E8671391,2026-08-14,ACCT-5437E8671391,Card,Online,101.82,processed,,Northeast,3.1
TXN-11C06C6FDAB8,2026-09-02,ACCT-11C06C6FDAB8,ACH,Online,2803.22,processed,,Midwest,11.0
TXN-E641B6C23B6C,2026-08-13,ACCT-E641B6C23B6C,ACH,Online,11551.08,failed,,Midwest,6.8
TXN-0038D86077D6,2026-06-30,ACCT-0038D86077D6,ACH,API,924.24,processed,,Northeast,2.2
TXN-BC376C49A32B,2026-07-21,ACCT-BC376C49A32B,Card,Mobile,84.15,processed,,Midwest,4.2
TXN-D01420FE56F6,2026-07-15,ACCT-D01420FE56F6,Card,Mobile,139.25,processed,,Southeast,6.4
TXN-7B0B13690AA6,2026-09-08,ACCT-7B0B13690AA6,Card,Mobile,215.43,processed,,West,0.9
TXN-C781433FE30F,2026-09-16,ACCT-C781433FE30F,ACH,Branch,4073.07,processed,,Northeast,4.7
TXN-D0568A4B0F42,2026-07-30,ACCT-D0568A4B0F42,ACH,Online,11278.68,processed,,West,6.5
TXN-52124521874C,2026-07-15,ACCT-52124521874C,Card,Online,144.78,processed,,Northeast,1.1
TXN-7DADF13F2821,2026-08-24,ACCT-7DADF13F2821,Check,Mobile,20133.81,processed,,Midwest,4.2
TXN-C78ADCBB37DD,2026-06-30,ACCT-C78ADCBB37DD,ACH,Online,4350.03,processed,,Midwest,5.3
TXN-9716394C2D8C,2026-07-13,ACCT-9716394C2D8C,Bill Pay,Online,2119.31,processed,,Southeast,2.9
TXN-3C87976DFD4E,2026-09-21,ACCT-3C87976DFD4E,Check,Branch,1956.94,processed,,Southwest,10.9
TXN-C50F4663DCA9,2026-08-25,ACCT-C50F4663DCA9,Card,Mobile,47.7,processed,,Midwest,3.7
TXN-671E1837A65B,2026-07-24,ACCT-671E1837A65B,ACH,Mobile,2324.79,processed,,Southeast,4.5
TXN-2BE7D85320CE,2026-09-03,ACCT-2BE7D85320CE,Card,Mobile,507.48,processed,,Midwest,2.4
TXN-1D10CFA4A998,2026-07-02,ACCT-1D10CFA4A998,Card,Online,485.5,processed,,Southwest,23.6
TXN-2EFB1CFFCAB6,2026-07-21,ACCT-2EFB1CFFCAB6,Bill Pay,Online,280.61,processed,,Southeast,1.9
TXN-0ED9D70C934C,2026-07-15,ACCT-0ED9D70C934C,Wire,Branch,12324.27,processed,,Southeast,10.0
TXN-69F4F07E8233,2026-09-08,ACCT-69F4F07E8233,ACH,Branch,3052.93,processed,,West,3.5
TXN-D9CE83CCE691,2026-06-28,ACCT-D9CE83CCE691,Card,Mobile,29.53,processed,,Midwest,4.6
TXN-65B3A7D845CC,2026-08-05,ACCT-65B3A7D845CC,ACH,Online,15264.57,processed,,Northeast,0.8
TXN-D61C1B10EC5C,2026-08-04,ACCT-D61C1B10EC5C,ACH,Mobile,1635.96,processed,,Midwest,16.1
TXN-50493044F3C1,2026-07-10,ACCT-50493044F3C1,Bill Pay,Online,75.89,processed,,Midwest,5.8
TXN-459D0481D5E3,2026-07-10,ACCT-459D0481D5E3,Bill Pay,Call Center,1194.62,processed,,Midwest,0.9
TXN-17C4BFB68C89,2026-07-31,ACCT-17C4BFB68C89,Check,Branch,17120.96,processed,,West,3.9
TXN-054B650E1190,2026-09-08,ACCT-66BC07BB8B5B,Card,Mobile,325.64,processed,,Southeast,3.2
TXN-6C95B7B73F16,2026-09-14,ACCT-6C95B7B73F16,ACH,Branch,19161.19,processed,,Northeast,2.8
TXN-8E57858AB42F,2026-07-17,ACCT-8E57858AB42F,Wire,Call Center,23193.95,processed,,Southwest,53.6
TXN-E73CB135243C,2026-07-31,ACCT-E73CB135243C,Card,Online,107.91,processed,,Midwest,3.0
TXN-4948F8D8F3AA,2026-09-16,ACCT-4948F8D8F3AA,Zelle/P2P,Mobile,1592.18,processed,,Northeast,6.6
TXN-60D523C99E38,2026-06-25,ACCT-60D523C99E38,Bill Pay,Online,954.01,processed,,Northeast,1.0
TXN-5FF6CABF24E1,2026-09-15,ACCT-5FF6CABF24E1,Wire,Call Center,47636.12,processed,,Midwest,18.2
TXN-6DD111951F86,2026-08-28,ACCT-6DD111951F86,Card,Mobile,653.71,processed,,West,1.0
TXN-587376AAE9D8,2026-08-07,ACCT-587376AAE9D8,Card,Mobile,5.74,processed,,Southwest,13.1
TXN-646EA841F7AD,2026-08-03,ACCT-646EA841F7AD,ACH,Online,5983.75,processed,,Southwest,2.3
TXN-8E32235CA18C,2026-08-10,ACCT-8E32235CA18C,Zelle/P2P,Mobile,25.78,processed,,Southwest,1.8
TXN-756E167BDB64,2026-09-15,ACCT-756E167BDB64,Zelle/P2P,Mobile,1388.09,processed,,Midwest,2.3
TXN-3922CBD0BDA7,2026-06-28,ACCT-3922CBD0BDA7,ACH,Online,1745.16,processed,,Southwest,6.1
TXN-3F532F325192,2026-08-14,ACCT-3F532F325192,Bill Pay,Mobile,2177.93,processed,,Southwest,3.6
TXN-8BB429D60889,2026-07-17,ACCT-8BB429D60889,Card,Online,554.39,processed,,Northeast,5.4
TXN-29A2DE3C53A0,2026-09-11,ACCT-29A2DE3C53A0,Card,Mobile,20.12,processed,,Northeast,2.1
TXN-65DDCC4A802C,2026-08-25,ACCT-65DDCC4A802C,Card,Online,459.93,processed,,West,0.3
TXN-479184BA0204,2026-09-19,ACCT-479184BA0204,ACH,Online,1716.79,processed,,Northeast,4.0
TXN-65B1818716EB,2026-08-18,ACCT-65B1818716EB,Wire,Branch,10491.91,processed,,Southwest,14.1
TXN-8A1A476BF28E,2026-09-18,ACCT-8A1A476BF28E,Card,Online,101.82,processed,,Southeast,3.5
TXN-5DC72EB139F9,2026-08-18,ACCT-5DC72EB139F9,ACH,API,1274.39,exception,Amount exceeds limit,West,4.0
TXN-67D4A2B9F78D,2026-08-20,ACCT-67D4A2B9F78D,Zelle/P2P,Mobile,1050.38,processed,,Southwest,0.6
TXN-3E9456D02E86,2026-09-14,ACCT-3E9456D02E86,ACH,API,9786.13,processed,,Southeast,1.2
TXN-F667CC8E6582,2026-08-14,ACCT-F667CC8E6582,Bill Pay,Mobile,1796.52,processed,,Northeast,7.5
TXN-CB3EA29E0885,2026-07-03,ACCT-CB3EA29E0885,ACH,API,4662.05,processed,,Midwest,3.8
TXN-65850938F9BD,2026-08-04,ACCT-65850938F9BD,Card,ATM,67.96,processed,,Southeast,4.7
TXN-83CEA6D2FB3A,2026-08-10,ACCT-83CEA6D2FB3A,Card,Mobile,83.34,processed,,West,7.5
TXN-72DBAB0E0717,2026-09-04,ACCT-72DBAB0E0717,ACH,Mobile,15268.8,processed,,Southeast,11.6
TXN-2DF6CBD15F47,2026-07-08,ACCT-2DF6CBD15F47,Card,Online,123.75,processed,,Southwest,6.0
TXN-F5EA652CC392,2026-07-20,ACCT-F5EA652CC392,Zelle/P2P,Mobile,122.7,processed,,Northeast,22.5
TXN-8426136749B2,2026-06-25,ACCT-8426136749B2,Card,Mobile,271.42,processed,,Southeast,12.9
TXN-9D414B12D28F,2026-08-05,ACCT-9D414B12D28F,Card,Mobile,40.71,processed,,Southeast,4.7
TXN-BE1E2EE653A4,2026-06-29,ACCT-BE1E2EE653A4,Check,Branch,48112.7,processed,,Northeast,3.6
TXN-42899B45CE96,2026-08-05,ACCT-42899B45CE96,ACH,API,4551.13,processed,,Midwest,4.1
TXN-EE78BE242093,2026-08-14,ACCT-EE78BE242093,Card,Mobile,379.22,pending,,Southeast,2.0
TXN-99BB72006AA4,2026-07-08,ACCT-99BB72006AA4,Card,Mobile,3.98,processed,,Northeast,3.4
TXN-008FE9801FB4,2026-07-05,ACCT-008FE9801FB4,ACH,API,10736.22,processed,,Midwest,3.6
TXN-A7BB44725889,2026-08-03,ACCT-A7BB44725889,Bill Pay,Mobile,1027.38,processed,,Northeast,0.7
TXN-A398152FA8E5,2026-09-19,ACCT-A398152FA8E5,Check,Branch,862.27,processed,,Southeast,5.2
TXN-B69C62AE4C26,2026-07-11,ACCT-B69C62AE4C26,Card,ATM,13.22,processed,,Midwest,0.6
TXN-953CD44A5259,2026-06-30,ACCT-953CD44A5259,Wire,Call Center,12788.36,processed,,Midwest,9.8
TXN-1F5699CD0FBC,2026-08-05,ACCT-1F5699CD0FBC,ACH,Mobile,3738.35,processed,,Midwest,1.8
TXN-2843F066D049,2026-07-14,ACCT-2843F066D049,Card,Mobile,138.54,processed,,Northeast,1.3
TXN-88CF986449B6,2026-08-06,ACCT-88CF986449B6,Card,Mobile,417.76,processed,,Southwest,2.6
TXN-BC42F850DB21,2026-07-22,ACCT-BC42F850DB21,Bill Pay,Online,4161.61,processed,,Midwest,5.8
TXN-86420058399A,2026-06-30,ACCT-86420058399A,ACH,Online,3557.76,processed,,Southeast,10.7
TXN-FE6DB33313C3,2026-08-04,ACCT-FE6DB33313C3,Card,Mobile,95.6,failed,,Southeast,37.2
TXN-8FC6C6D6B92C,2026-07-03,ACCT-8FC6C6D6B92C,ACH,Online,2874.12,processed,,West,5.4
TXN-C5B3EDAB948D,2026-09-01,ACCT-C5B3EDAB948D,Zelle/P2P,Online,11286.48,processed,,Southeast,3.5
TXN-47E2D86C2CDA,2026-06-30,ACCT-47E2D86C2CDA,ACH,Branch,3017.5,processed,,West,5.2
TXN-B11B916A54E9,2026-07-29,ACCT-B11B916A54E9,ACH,Online,5398.03,processed,,West,7.9
TXN-872AE36A8BE0,2026-09-16,ACCT-872AE36A8BE0,Check,Mobile,10103.07,processed,,Midwest,5.3
TXN-32EA6AA8091A,2026-08-21,ACCT-32EA6AA8091A,ACH,Online,3385.35,processed,,Southeast,3.9
TXN-9CEDE9B36D23,2026-09-11,ACCT-9CEDE9B36D23,Wire,Call Center,2144.82,exception,Hold / compliance review,Southeast,35.4
TXN-31AE6AA250A6,2026-08-19,ACCT-31AE6AA250A6,ACH,API,1533.79,processed,,Midwest,2.1
TXN-D0C5C22B36D9,2026-07-21,ACCT-D0C5C22B36D9,ACH,Online,14902.99,processed,,Southeast,5.1
TXN-43F5E98FBE2D,2026-08-06,ACCT-43F5E98FBE2D,ACH,Mobile,1805.53,processed,,Southeast,1.6
TXN-C683CBB29BE1,2026-07-05,ACCT-C683CBB29BE1,Bill Pay,Online,213.21,processed,,West,0.6
TXN-767F4A1D56BE,2026-07-13,ACCT-767F4A1D56BE,Check,Mobile,10015.56,processed,,Southeast,0.8
TXN-166D192DF402,2026-08-09,ACCT-166D192DF402,Card,Online,336.52,processed,,Northeast,2.8
TXN-47A75F17BD50,2026-08-13,ACCT-47A75F17BD50,Wire,Branch,40494.25,processed,,West,12.6
TXN-094150E1B824,2026-09-01,ACCT-094150E1B824,Card,Mobile,119.91,processed,,Southeast,0.8
TXN-94C6667C6B53,2026-07-19,ACCT-94C6667C6B53,Card,ATM,302.58,processed,,Midwest,2.2
TXN-E5174E01C3EA,2026-07-21,ACCT-E5174E01C3EA,Wire,Online,77600.14,exception,Duplicate submission,Northeast,57.3
TXN-16608390F960,2026-07-01,ACCT-16608390F960,Bill Pay,Online,1230.08,processed,,Midwest,3.3
TXN-4D6FA6319BDE,2026-08-14,ACCT-4D6FA6319BDE,Card,Online,1218.63,processed,,Midwest,1.7
TXN-DCEA17579F66,2026-08-05,ACCT-DCEA17579F66,Zelle/P2P,Mobile,461.99,processed,,Southeast,7.0
TXN-645661FFE9DB,2026-08-06,ACCT-645661FFE9DB,Zelle/P2P,Mobile,542.65,processed,,Northeast,3.8
TXN-829C6FA2C999,2026-09-18,ACCT-829C6FA2C999,Card,Online,603.74,processed,,Southeast,4.5
TXN-9E899C567153,2026-07-10,ACCT-9E899C567153,Zelle/P2P,Mobile,179.42,processed,,Midwest,1.7
TXN-EEBA9AF98EB6,2026-06-24,ACCT-EEBA9AF98EB6,Bill Pay,Online,782.98,processed,,West,1.2
TXN-D85681B5B841,2026-07-22,ACCT-D85681B5B841,Zelle/P2P,Online,2428.08,processed,,Midwest,2.7
TXN-D9A2182C2152,2026-09-01,ACCT-D9A2182C2152,Card,ATM,93.99,processed,,West,1.8
TXN-D00C6DA1CA5E,2026-06-29,ACCT-D00C6DA1CA5E,ACH,Online,3015.84,processed,,West,10.2
TXN-1C38C02B7C23,2026-08-25,ACCT-1C38C02B7C23,ACH,API,20132.27,pending,,Southeast,0.5
TXN-638734AB6B2B,2026-07-24,ACCT-638734AB6B2B,Card,ATM,450.77,processed,,Northeast,1.6
TXN-30857FA417ED,2026-07-19,ACCT-30857FA417ED,ACH,API,1777.26,processed,,Northeast,3.8
TXN-05EF5B1D7918,2026-07-19,ACCT-05EF5B1D7918,Card,Online,110.41,processed,,Northeast,3.2
TXN-8A5C2BDF3379,2026-07-02,ACCT-8A5C2BDF3379,Card,Online,15.37,processed,,West,3.6
TXN-213C0E9E7DC1,2026-08-04,ACCT-213C0E9E7DC1,Check,Mobile,5704.35,processed,,Midwest,0.6
TXN-C7243DAACE64,2026-08-13,ACCT-C7243DAACE64,Check,Mobile,3652.21,processed,,West,20.6
TXN-57CB9C64C84C,2026-08-06,ACCT-57CB9C64C84C,Card,Online,293.39,processed,,Midwest,4.1
TXN-F123B11B028B,2026-08-03,ACCT-F123B11B028B,Check,Branch,1029.68,processed,,Southeast,5.5
TXN-C34EF9DACBB0,2026-07-24,ACCT-C34EF9DACBB0,Bill Pay,Call Center,3978.88,processed,,Midwest,4.8
TXN-5FA391B2CF82,2026-07-02,ACCT-5FA391B2CF82,ACH,Online,537.27,processed,,Midwest,2.2
TXN-F2BE8B1EC1BC,2026-09-18,ACCT-F2BE8B1EC1BC,Check,Branch,3281.61,processed,,West,3.8
TXN-756E916296AE,2026-06-24,ACCT-756E916296AE,Card,Mobile,386.74,processed,,Northeast,1.8
TXN-98FD5CBF0979,2026-09-11,ACCT-98FD5CBF0979,Check,Mobile,5226.0,processed,,Southeast,3.5
TXN-DECB4CC4CD48,2026-07-02,ACCT-DECB4CC4CD48,Check,Mobile,10132.44,processed,,Midwest,6.6
TXN-4B30823E8E3A,2026-07-29,ACCT-4B30823E8E3A,Card,Online,231.25,processed,,Southeast,1.4
TXN-3C91607AEB1B,2026-09-16,ACCT-3C91607AEB1B,ACH,Mobile,3613.27,processed,,Southeast,0.9
TXN-6A984D27E17F,2026-07-15,ACCT-6A984D27E17F,Card,Mobile,125.27,processed,,Southeast,1.6
TXN-AC7D708709F4,2026-09-21,ACCT-AC7D708709F4,Wire,Online,10660.58,processed,,Southwest,3.8
TXN-E69C075AC072,2026-08-18,ACCT-E69C075AC072,ACH,API,6462.6,processed,,Northeast,12.8
TXN-C4DC4610DCAF,2026-08-14,ACCT-C4DC4610DCAF,Bill Pay,Mobile,788.98,processed,,West,1.3
TXN-E9C649D518DF,2026-09-03,ACCT-E9C649D518DF,Card,Online,147.35,processed,,Southeast,2.1
TXN-0A08A44B7770,2026-06-30,ACCT-0A08A44B7770,Zelle/P2P,Mobile,512.5,pending,,West,0.5
TXN-FC3E7DBBBB79,2026-07-21,ACCT-FC3E7DBBBB79,Zelle/P2P,Mobile,334.07,processed,,Southeast,6.0
TXN-E8DE0BFE5AA4,2026-08-26,ACCT-E8DE0BFE5AA4,Card,Mobile,63.43,processed,,West,4.4
TXN-AF8637CCF1FE,2026-08-26,ACCT-AF8637CCF1FE,Wire,Call Center,14971.43,processed,,Southeast,13.9
TXN-408CC3A48DD1,2026-07-29,ACCT-408CC3A48DD1,Card,Online,388.54,processed,,Northeast,4.3
TXN-88F79958A438,2026-07-16,ACCT-88F79958A438,Check,Branch,847.18,processed,,West,3.0
TXN-CAB3C9DA252D,2026-06-29,ACCT-CAB3C9DA252D,Zelle/P2P,Mobile,265.7,processed,,Midwest,2.9
TXN-3A0B3B9A0F36,2026-08-18,ACCT-3A0B3B9A0F36,Card,Mobile,988.61,processed,,Northeast,4.3
TXN-6255EC49F1A8,2026-07-20,ACCT-6255EC49F1A8,ACH,Branch,2416.61,pending,,Northeast,0.5
TXN-EE6E0CB91657,2026-07-27,ACCT-EE6E0CB91657,Zelle/P2P,Mobile,46.16,processed,,Southwest,2.6
TXN-00544A360A55,2026-06-30,ACCT-00544A360A55,Check,Branch,3095.83,exception,Stale dated,Northeast,4.2
TXN-6CF0499CB7C8,2026-07-13,ACCT-6CF0499CB7C8,ACH,Online,3438.77,processed,,Northeast,0.7
TXN-ED597FD544CE,2026-08-06,ACCT-ED597FD544CE,ACH,Online,4585.93,processed,,Northeast,7.3
TXN-F96BC3B20239,2026-09-14,ACCT-F96BC3B20239,Wire,Call Center,52621.8,exception,Hold / compliance review,Southwest,10.3
TXN-AB3A20C12E82,2026-07-06,ACCT-AB3A20C12E82,Wire,Call Center,164362.67,pending,,Southwest,16.4
TXN-4E1CF54286EA,2026-09-18,ACCT-4E1CF54286EA,Card,Mobile,56.54,processed,,Southwest,1.7
TXN-38654CF4D51A,2026-07-09,ACCT-38654CF4D51A,Check,ATM,877.01,processed,,Midwest,2.6
TXN-7798E297A7AD,2026-08-12,ACCT-7798E297A7AD,Card,Online,101.2,processed,,Midwest,5.2
TXN-33CC6DA30D94,2026-08-13,ACCT-33CC6DA30D94,Card,Mobile,91.56,processed,,Northeast,15.3
TXN-6DAEBA3CBF3F,2026-06-29,ACCT-6DAEBA3CBF3F,Bill Pay,Online,367.59,pending,,Southwest,5.7
TXN-5681E7CD516A,2026-09-12,ACCT-5681E7CD516A,Zelle/P2P,Online,151.16,processed,,Southeast,16.7
TXN-BE5CA6F85B5D,2026-09-18,ACCT-BE5CA6F85B5D,Wire,Call Center,32829.31,pending,,Northeast,7.4
TXN-7DDC42B46620,2026-07-15,ACCT-7DDC42B46620,Card,Online,165.8,processed,,Southwest,6.8
TXN-969C8A9726A0,2026-07-21,ACCT-969C8A9726A0,ACH,Mobile,394.35,processed,,Northeast,8.5
TXN-865AC6D5F85E,2026-07-21,ACCT-865AC6D5F85E,ACH,Online,7684.41,pending,,West,7.6
TXN-FF49A4F6ED54,2026-07-10,ACCT-FF49A4F6ED54,Check,Branch,2122.27,exception,Insufficient funds,Southeast,36.4
TXN-DD892D61E68E,2026-06-26,ACCT-DD892D61E68E,Card,Online,797.4,processed,,West,0.9
TXN-3DBBE70CCDA3,2026-07-21,ACCT-3DBBE70CCDA3,ACH,Online,1905.23,processed,,Southeast,6.0
TXN-B4B56103046E,2026-08-03,ACCT-B4B56103046E,Card,Online,377.63,processed,,Southeast,2.6
TXN-01E0930B667D,2026-09-09,ACCT-01E0930B667D,Check,ATM,8083.09,processed,,Southeast,5.0
TXN-48A535AF8DDD,2026-07-04,ACCT-48A535AF8DDD,Card,Online,256.79,processed,,Southeast,1.4
TXN-BBD307789C2F,2026-09-04,ACCT-BBD307789C2F,ACH,Online,148.65,processed,,Northeast,0.5
TXN-33FC8FD5858E,2026-06-26,ACCT-33FC8FD5858E,Wire,Call Center,57618.32,processed,,Southwest,17.3
TXN-856AA5AB396A,2026-09-20,ACCT-856AA5AB396A,Check,ATM,4384.17,processed,,Northeast,1.7
TXN-5043D3568D37,2026-08-20,ACCT-5043D3568D37,Wire,Call Center,22974.88,processed,,Northeast,2.2
TXN-FD53EFD8940F,2026-08-04,ACCT-FD53EFD8940F,Bill Pay,Online,597.29,processed,,Northeast,2.1
TXN-BE778250F548,2026-09-14,ACCT-BE778250F548,Bill Pay,Call Center,1284.74,processed,,Southeast,3.7
TXN-0E497CFDE221,2026-09-09,ACCT-0E497CFDE221,ACH,Branch,4253.12,processed,,Southeast,2.1
TXN-614DD46D113E,2026-07-21,ACCT-614DD46D113E,Bill Pay,Online,452.49,processed,,Midwest,2.3
TXN-E3ADA852ABDF,2026-08-28,ACCT-E3ADA852ABDF,Card,Online,148.16,processed,,Southwest,3.7
TXN-362284B8053D,2026-08-20,ACCT-362284B8053D,Card,Mobile,214.92,processed,,Midwest,2.1
TXN-8E3D20EE6EEB,2026-09-07,ACCT-8E3D20EE6EEB,Card,ATM,301.46,processed,,Midwest,1.3
TXN-01D97592B777,2026-07-30,ACCT-01D97592B777,Card,ATM,25.76,pending,,Northeast,2.8
TXN-7BE309A4AB81,2026-09-10,ACCT-7BE309A4AB81,ACH,API,1403.9,processed,,Southwest,2.8
TXN-682B73E4AC26,2026-09-12,ACCT-682B73E4AC26,ACH,API,8509.93,processed,,Southwest,1.9
TXN-25CD2BD12F0D,2026-07-10,ACCT-25CD2BD12F0D,Check,Branch,11349.74,processed,,West,2.8
TXN-9F01900350B5,2026-08-05,ACCT-9F01900350B5,Card,Mobile,112.58,processed,,Southwest,0.9
TXN-8041475D9D85,2026-08-03,ACCT-8041475D9D85,Card,Online,479.19,processed,,Southeast,10.9
TXN-918D461AE65F,2026-06-26,ACCT-918D461AE65F,ACH,Online,3907.14,processed,,Midwest,5.1
TXN-08EAB99D92E1,2026-07-13,ACCT-08EAB99D92E1,Zelle/P2P,Mobile,107.8,processed,,West,10.9
TXN-918050DFAC8B,2026-09-11,ACCT-918050DFAC8B,Check,Branch,497.89,processed,,Midwest,0.8
TXN-AB45CF37DAFF,2026-07-29,ACCT-AB45CF37DAFF,Card,Mobile,20.47,processed,,Southwest,6.4
TXN-CBCD59DC5044,2026-07-31,ACCT-CBCD59DC5044,Card,Online,130.54,processed,,Southeast,1.0
TXN-330F7539F62E,2026-07-09,ACCT-330F7539F62E,ACH,API,4775.97,processed,,Northeast,0.7
TXN-B2ED00151B94,2026-07-06,ACCT-B2ED00151B94,Check,Branch,5542.6,processed,,Southeast,1.3
TXN-2AD705808431,2026-08-07,ACCT-2AD705808431,Card,Online,323.26,processed,,Southwest,0.8
TXN-CE8836366317,2026-07-13,ACCT-CE8836366317,Card,Online,894.1,processed,,Midwest,2.8
TXN-5EE36F40051A,2026-08-24,ACCT-5EE36F40051A,ACH,Online,3881.61,processed,,Midwest,2.2
TXN-ABBA884411E3,2026-07-05,ACCT-ABBA884411E3,Card,Mobile,137.64,processed,,Southeast,11.0
TXN-240BB491E06F,2026-08-17,ACCT-240BB491E06F,ACH,API,55464.26,processed,,Northeast,20.3
TXN-2E70AE84143D,2026-09-10,ACCT-2E70AE84143D,Zelle/P2P,Mobile,504.18,processed,,Northeast,1.1
TXN-9FBDDBC63DD5,2026-09-09,ACCT-9FBDDBC63DD5,Zelle/P2P,Mobile,550.21,processed,,Northeast,3.9
TXN-5593DF141D3A,2026-07-15,ACCT-5593DF141D3A,Card,Mobile,250.79,failed,,Southeast,1.5
TXN-56BE3A6E3CA0,2026-07-20,ACCT-56BE3A6E3CA0,ACH,Online,3819.15,processed,,Southwest,2.3
TXN-30D5BF2587AE,2026-08-19,ACCT-30D5BF2587AE,Zelle/P2P,Mobile,831.34,processed,,Southeast,18.5
TXN-945173E45AFB,2026-08-27,ACCT-945173E45AFB,Wire,Online,90492.71,processed,,West,2.9
TXN-790A2DDCFC65,2026-08-28,ACCT-790A2DDCFC65,Check,Mobile,3120.99,processed,,Southeast,1.0
TXN-BC2CE35E554F,2026-06-30,ACCT-BC2CE35E554F,Card,Online,190.62,processed,,Southeast,4.1
TXN-2B1348EEBE95,2026-09-10,ACCT-2B1348EEBE95,ACH,Mobile,8046.04,processed,,West,1.4
TXN-60CE8C1B4485,2026-06-30,ACCT-60CE8C1B4485,Zelle/P2P,Mobile,266.43,processed,,West,1.6
TXN-DECE03FB192F,2026-09-20,ACCT-DECE03FB192F,Zelle/P2P,Mobile,484.96,processed,,Northeast,3.5
TXN-CD6791BA725F,2026-08-10,ACCT-CD6791BA725F,ACH,Mobile,629.45,processed,,Northeast,4.1
TXN-017C68D86725,2026-09-13,ACCT-017C68D86725,Card,Mobile,19.63,processed,,West,2.9
TXN-75948DFC6962,2026-08-20,ACCT-75948DFC6962,Bill Pay,Online,728.37,processed,,Midwest,1.0
TXN-84FAA0373C4A,2026-09-07,ACCT-84FAA0373C4A,Card,Online,143.57,processed,,Northeast,1.4
TXN-40A30CD55F33,2026-07-29,ACCT-40A30CD55F33,ACH,API,581.76,processed,,Southwest,2.2
TXN-18BEB4813723,2026-09-21,ACCT-18BEB4813723,Card,Mobile,377.6,processed,,West,5.3
TXN-C8AF30D72DFC,2026-07-23,ACCT-C8AF30D72DFC,Zelle/P2P,Online,947.84,processed,,West,1.3
TXN-47A0388F1033,2026-07-22,ACCT-47A0388F1033,Zelle/P2P,Mobile,269.9,processed,,Midwest,13.4
TXN-3050D4F176AF,2026-08-31,ACCT-3050D4F176AF,Card,Mobile,57.69,processed,,Midwest,8.0
TXN-5E16FE1443BA,2026-08-11,ACCT-5E16FE1443BA,ACH,API,12981.81,processed,,West,2.1
TXN-998BAE6A40B8,2026-07-08,ACCT-998BAE6A40B8,Zelle/P2P,Mobile,213.21,processed,,Northeast,1.3
TXN-2408543A7CA2,2026-09-17,ACCT-2408543A7CA2,Wire,Call Center,54952.82,processed,,West,15.0
TXN-4321A844EE76,2026-09-21,ACCT-4321A844EE76,Bill Pay,Mobile,366.25,processed,,Northeast,3.2
TXN-34B4FBE450D3,2026-06-26,ACCT-34B4FBE450D3,Card,ATM,383.99,processed,,Southeast,1.7
TXN-5ED371D1A873,2026-06-25,ACCT-5ED371D1A873,ACH,Online,2834.9,processed,,West,2.5
TXN-088560DAAC92,2026-08-06,ACCT-088560DAAC92,Zelle/P2P,Mobile,418.8,processed,,Southwest,9.2
TXN-4BCDEE47F1D7,2026-09-15,ACCT-2BCDF6920364,Card,Online,267.06,processed,,Midwest,1.2
TXN-FC68EEEC98F2,2026-07-01,ACCT-FC68EEEC98F2,ACH,Online,1174.75,processed,,Southwest,2.7
TXN-F4F16B562BFC,2026-09-07,ACCT-F4F16B562BFC,Card,ATM,22.85,processed,,Northeast,2.5
TXN-A56B54E1C593,2026-06-25,ACCT-A56B54E1C593,Card,Online,394.92,processed,,Southwest,2.3
TXN-E01EABEC2243,2026-08-26,ACCT-E01EABEC2243,Card,Mobile,87.12,processed,,Southeast,2.2
TXN-E7646070A4CD,2026-09-18,ACCT-E7646070A4CD,Card,Online,548.93,processed,,,7.7
TXN-23E388CC6F82,2026-08-07,ACCT-23E388CC6F82,Check,Branch,2335.45,processed,,Midwest,1.7
TXN-D94EEEFFA350,2026-08-06,ACCT-D94EEEFFA350,Card,Mobile,376.18,processed,,West,14.3
TXN-BA6960BFEA4D,2026-09-11,ACCT-BA6960BFEA4D,ACH,Online,678.86,processed,,Southeast,4.3
TXN-5D4C734CD546,2026-08-14,ACCT-5D4C734CD546,Zelle/P2P,Mobile,417.4,processed,,Southeast,9.6
TXN-E8D9741F3419,2026-07-27,ACCT-E8D9741F3419,Card,Mobile,197.26,processed,,Northeast,5.3
TXN-AA792FDC1F72,2026-08-21,ACCT-AA792FDC1F72,ACH,Online,768.1,processed,,Northeast,10.7
TXN-853D24B44ADA,2026-08-17,ACCT-853D24B44ADA,Card,Online,390.87,processed,,Southeast,3.9
TXN-EAC67484E404,2026-07-20,ACCT-EAC67484E404,Zelle/P2P,Mobile,770.56,processed,,Southwest,1.6
TXN-45552362BE12,2026-07-29,ACCT-45552362BE12,ACH,Online,1110.66,processed,,Midwest,3.3
TXN-AAB48E697BC1,2026-08-05,ACCT-AAB48E697BC1,Check,Branch,3060.07,processed,,Midwest,1.6
TXN-84024375C466,2026-07-05,ACCT-84024375C466,Zelle/P2P,Online,183.85,processed,,Southeast,3.0
TXN-51B150EF134B,2026-07-29,ACCT-51B150EF134B,ACH,API,14920.92,processed,,Northeast,0.6
TXN-BB3F45EB4BB0,2026-07-26,ACCT-BB3F45EB4BB0,Wire,Branch,91325.95,processed,,Southeast,13.4
TXN-39C81DED5C02,2026-08-24,ACCT-39C81DED5C02,Wire,Online,3177.85,processed,,Southwest,4.8
TXN-2EC76FDDBF16,2026-08-06,ACCT-2EC76FDDBF16,Check,Branch,4408.9,pending,,Southeast,2.9
TXN-4DCDF3E8FB46,2026-08-19,ACCT-4DCDF3E8FB46,Bill Pay,Online,903.58,processed,,Southeast,1.6
TXN-1657844BE00B,2026-07-30,ACCT-1657844BE00B,Zelle/P2P,Mobile,468.79,processed,,West,11.8
TXN-3641D61CA832,2026-07-20,ACCT-3641D61CA832,ACH,Online,1250.47,processed,,Southwest,4.2
TXN-92A6CC2B6B79,2026-07-23,ACCT-92A6CC2B6B79,Card,Online,999.86,processed,,Southeast,1.8
TXN-2E9B180E1F40,2026-09-16,ACCT-2E9B180E1F40,Check,Branch,6387.85,processed,,Northeast,1.8
TXN-25616F4178F0,2026-09-09,ACCT-25616F4178F0,Check,ATM,11311.83,processed,,Northeast,1.8
TXN-71D8D9487A9D,2026-09-07,ACCT-71D8D9487A9D,Card,Online,154.45,processed,,Northeast,2.0
TXN-067FE103AE23,2026-06-26,ACCT-067FE103AE23,Check,Mobile,2323.53,processed,,Southwest,14.6
TXN-E8B441CB2EF8,2026-07-07,ACCT-E8B441CB2EF8,ACH,Mobile,13711.73,processed,,Southwest,3.9
TXN-AD1E07521526,2026-07-08,ACCT-AD1E07521526,ACH,Branch,2560.01,processed,,Southwest,4.4
TXN-5F207AC3809B,2026-08-30,ACCT-5F207AC3809B,ACH,Mobile,1147.03,processed,,Midwest,2.3
TXN-69EC6EB2FC12,2026-07-30,ACCT-69EC6EB2FC12,Bill Pay,Online,436.92,processed,,Midwest,3.0
TXN-2F3532702ECC,2026-09-15,ACCT-2F3532702ECC,Card,Online,57.79,failed,,Northeast,5.3
TXN-DB3280239C63,2026-08-28,ACCT-44DB8CAD37CF,Wire,Online,17903.36,processed,,Southwest,21.5
TXN-35EB5C923EA8,2026-08-18,ACCT-35EB5C923EA8,Card,Mobile,20.11,processed,,West,9.3
TXN-A7DCCEF9CE1A,2026-07-08,ACCT-A7DCCEF9CE1A,ACH,Online,4624.34,processed,,Northeast,1.9
TXN-08655FD07E2E,2026-09-02,ACCT-08655FD07E2E,Card,Mobile,76.39,processed,,Southeast,6.1
TXN-CDC5DE279BBD,2026-09-09,ACCT-CDC5DE279BBD,Card,Mobile,435.62,processed,,Southwest,18.5
TXN-05F2A7BED4EA,2026-07-10,ACCT-05F2A7BED4EA,Bill Pay,Call Center,213.35,processed,,West,6.7
TXN-43D03EFB24FF,2026-09-11,ACCT-43D03EFB24FF,ACH,Online,1259.59,processed,,Southeast,11.6
TXN-8A35662B73C8,2026-08-18,ACCT-8A35662B73C8,ACH,Branch,4547.86,processed,,Southwest,2.8
TXN-1081A24F1131,2026-06-26,ACCT-1081A24F1131,Wire,Call Center,133673.89,processed,,Southeast,11.8
TXN-36711991B061,2026-07-01,ACCT-36711991B061,Bill Pay,Online,533.84,processed,,Midwest,11.5
TXN-5482018E15CF,2026-07-22,ACCT-5482018E15CF,Check,Branch,3876.99,processed,,Midwest,0.7
TXN-4CA1CD4E7932,2026-08-25,ACCT-4CA1CD4E7932,Card,Online,993.75,processed,,West,2.8
TXN-847A841969A2,2026-08-31,ACCT-847A841969A2,Zelle/P2P,Mobile,2151.25,processed,,Northeast,2.8
TXN-9AB0DB98B031,2026-09-08,ACCT-9AB0DB98B031,Card,Mobile,39.62,processed,,Northeast,6.1
TXN-BAC62A2BA8ED,2026-07-13,ACCT-BAC62A2BA8ED,Wire,Call Center,120538.05,processed,,West,12.7
TXN-3F57D30CB362,2026-08-03,ACCT-3F57D30CB362,Card,Online,56.62,processed,,Northeast,4.1
TXN-1BA131CD8A94,2026-07-05,ACCT-1BA131CD8A94,Zelle/P2P,Mobile,684.44,processed,,Southeast,1.2
TXN-7F861BCEE185,2026-07-29,ACCT-7F861BCEE185,ACH,Branch,4099.9,processed,,West,2.4
TXN-3267EF2A83A7,2026-07-30,ACCT-3267EF2A83A7,Wire,Call Center,4920.61,pending,,Southwest,21.2
TXN-6CF3F4C4B053,2026-06-29,ACCT-6CF3F4C4B053,Card,Mobile,71.67,processed,,Southeast,1.5
TXN-47ABF82B593B,2026-07-15,ACCT-47ABF82B593B,ACH,Branch,9473.3,processed,,Southeast,11.7
TXN-48F89B630677,2026-07-01,ACCT-48F89B630677,Wire,Call Center,43820.19,pending,,West,9.1
TXN-D6B905BD0B0F,2026-08-27,ACCT-D6B905BD0B0F,Bill Pay,Online,707.52,processed,,Midwest,2.6
TXN-6DF9061AF63E,2026-07-27,ACCT-6DF9061AF63E,ACH,Online,7142.07,processed,,West,2.3
TXN-3FBF79108661,2026-07-08,ACCT-3FBF79108661,Card,Online,198.08,processed,,Southwest,1.5
TXN-870AAB89AEEA,2026-08-19,ACCT-870AAB89AEEA,ACH,Branch,2735.53,processed,,Southwest,3.4
TXN-55B21D36D1A5,2026-08-06,ACCT-55B21D36D1A5,Card,Online,116.47,processed,,Southwest,1.9
TXN-4ACB5D260D67,2026-09-01,ACCT-4ACB5D260D67,Card,Mobile,136.93,processed,,Southeast,2.4
TXN-1BA305F75E34,2026-07-11,ACCT-1BA305F75E34,Zelle/P2P,Mobile,1399.85,processed,,Southeast,1.4
TXN-7D8B8D632408,2026-08-05,ACCT-7D8B8D632408,Card,Mobile,81.86,processed,,Southeast,6.2
TXN-408DEA38A141,2026-09-08,ACCT-408DEA38A141,ACH,Online,1873.63,processed,,Midwest,7.8
TXN-BAE73C074541,2026-07-14,ACCT-BAE73C074541,Zelle/P2P,Mobile,435.64,processed,,Northeast,2.7
TXN-1D8AF0E812D4,2026-08-04,ACCT-1D8AF0E812D4,Card,Mobile,202.32,processed,,Southwest,1.6
TXN-901E2B7D2E35,2026-08-14,ACCT-901E2B7D2E35,Card,Mobile,477.98,processed,,West,2.2
TXN-7FE5433CF2EB,2026-08-12,ACCT-7FE5433CF2EB,Check,Branch,12162.54,processed,,West,2.3
TXN-E8F98F01B2A9,2026-08-21,ACCT-E8F98F01B2A9,Zelle/P2P,Mobile,1394.71,processed,,Southeast,1.2
TXN-A3279DD5F1AA,2026-08-26,ACCT-A3279DD5F1AA,ACH,Online,4951.61,processed,,West,3.4
TXN-40B8F55E1D99,2026-07-01,ACCT-40B8F55E1D99,Zelle/P2P,Mobile,864.26,processed,,Northeast,11.0
TXN-7E518C9A18D0,2026-07-28,ACCT-7E518C9A18D0,Card,Online,20.49,processed,,Northeast,1.1
TXN-9B20894F75C1,2026-07-11,ACCT-9B20894F75C1,Card,Online,54.87,processed,,Southwest,2.5
TXN-BDB327275508,2026-08-30,ACCT-BDB327275508,Card,ATM,79.03,processed,,Southwest,23.0
TXN-098906962D57,2026-07-18,ACCT-098906962D57,Zelle/P2P,Mobile,301.1,processed,,Southeast,1.4
TXN-F1B9701CD29C,2026-08-07,ACCT-F1B9701CD29C,ACH,Branch,9863.42,processed,,Northeast,3.7
TXN-3CA26018434C,2026-09-04,ACCT-3CA26018434C,Zelle/P2P,Online,324.26,processed,,Southeast,4.9
TXN-72A30F7CC92A,2026-09-11,ACCT-72A30F7CC92A,Zelle/P2P,Mobile,454.72,processed,,Northeast,3.9
TXN-EA4E77413A42,2026-07-09,ACCT-EA4E77413A42,Wire,Online,26718.12,processed,,Northeast,2.7
TXN-B613E18951B8,2026-07-03,ACCT-B613E18951B8,Card,Online,354.26,processed,,Southwest,3.4
TXN-BEDF1476E01B,2026-07-14,ACCT-BEDF1476E01B,Card,ATM,49.91,processed,,Southeast,1.7
TXN-E4949AD1592D,2026-08-04,ACCT-E4949AD1592D,ACH,Online,250.84,exception,Hold / compliance review,Southwest,7.9
TXN-D20FDF0C1435,2026-07-01,ACCT-D20FDF0C1435,Zelle/P2P,Mobile,83.75,processed,,Southwest,2.3
TXN-91756A989D6C,2026-06-24,ACCT-91756A989D6C,Zelle/P2P,Mobile,436.13,exception,Duplicate submission,Midwest,13.9
TXN-E07E247C5698,2026-08-22,ACCT-E07E247C5698,Bill Pay,Mobile,1369.37,processed,,Southeast,3.0
TXN-E230FBCC0FE5,2026-08-24,ACCT-E230FBCC0FE5,Bill Pay,Online,2276.89,processed,,Southwest,16.4
TXN-1F37DB922DA1,2026-09-02,ACCT-1F37DB922DA1,Check,Branch,17791.39,exception,Stale dated,West,12.1
TXN-7787FAF11636,2026-09-16,ACCT-7787FAF11636,Card,Mobile,18.13,processed,,Southwest,0.7
TXN-06100E7A55FC,2026-09-14,ACCT-06100E7A55FC,Bill Pay,Online,3399.99,processed,,Midwest,8.4
TXN-44F1515BC7BE,2026-08-10,ACCT-44F1515BC7BE,Zelle/P2P,Online,565.23,processed,,Southeast,3.5
TXN-876C9B16254E,2026-08-28,ACCT-876C9B16254E,ACH,Mobile,1271.77,processed,,Southwest,9.5
TXN-462F8AF5C833,2026-07-10,ACCT-462F8AF5C833,Bill Pay,Mobile,97.65,processed,,West,0.8
TXN-0EFB4E0FB40A,2026-08-18,ACCT-0EFB4E0FB40A,Wire,Branch,11319.15,processed,,West,8.9
TXN-9FC19ECB4BC1,2026-08-12,ACCT-9FC19ECB4BC1,ACH,API,2138.76,processed,,Southeast,4.1
TXN-466386C747AA,2026-07-02,ACCT-466386C747AA,Check,ATM,3290.22,processed,,West,2.4
TXN-A60C59D6C188,2026-09-17,ACCT-A60C59D6C188,ACH,Branch,4590.44,processed,,Northeast,6.8
TXN-94A028D645B3,2026-06-25,ACCT-94A028D645B3,Bill Pay,Call Center,1413.3,processed,,West,2.6
TXN-F6655FFC9C37,2026-07-27,ACCT-F6655FFC9C37,ACH,Online,8856.06,processed,,Midwest,4.6
TXN-CDD17CD0BA8B,2026-09-03,ACCT-CDD17CD0BA8B,Check,ATM,12975.57,processed,,Southwest,2.6
TXN-692D0B757FE3,2026-09-11,ACCT-692D0B757FE3,Check,Branch,14948.96,processed,,Southwest,0.8
TXN-2AA18227AEFF,2026-09-04,ACCT-2AA18227AEFF,Bill Pay,Online,914.42,processed,,Southeast,9.4
TXN-46AFBCFB9CF5,2026-09-03,ACCT-46AFBCFB9CF5,Zelle/P2P,Mobile,1008.34,processed,,Southwest,1.0
TXN-96D86815F401,2026-07-28,ACCT-96D86815F401,ACH,Online,6825.37,processed,,West,2.8
TXN-2659730A4678,2026-08-03,ACCT-2659730A4678,ACH,Online,2256.55,processed,,Northeast,0.7
TXN-DFAFE84B27C1,2026-07-29,ACCT-DFAFE84B27C1,Check,Mobile,3243.57,processed,,Midwest,0.4
TXN-FB4AE734CF6B,2026-09-18,ACCT-FB4AE734CF6B,Check,Mobile,1701.26,processed,,Southeast,1.1
TXN-377B01B6E33C,2026-09-04,ACCT-377B01B6E33C,ACH,Branch,8285.56,processed,,Northeast,20.5
TXN-4A188C6FDD2D,2026-07-23,ACCT-4A188C6FDD2D,Card,Mobile,84.44,failed,,Midwest,3.9
TXN-FF7F8572E86D,2026-08-26,ACCT-FF7F8572E86D,Card,Mobile,224.24,processed,,Midwest,5.0
TXN-1DD69F3F372C,2026-08-10,ACCT-1DD69F3F372C,Card,Mobile,105.86,processed,,West,8.6
TXN-9EBBCF9FF1A9,2026-08-27,ACCT-9EBBCF9FF1A9,ACH,Online,4228.7,processed,,West,3.3
TXN-F1001B4624E8,2026-08-20,ACCT-F1001B4624E8,Zelle/P2P,Mobile,29.4,processed,,West,1.1
TXN-4D4DB37B2829,2026-09-08,ACCT-4D4DB37B2829,Check,Branch,2016.73,processed,,Southeast,2.2
TXN-A07E64A2CEA4,2026-08-25,ACCT-A07E64A2CEA4,Card,Mobile,195.24,processed,,Southwest,2.9
TXN-DFD8A90863A5,2026-08-07,ACCT-DFD8A90863A5,Bill Pay,Online,1558.23,processed,,Southeast,4.4
TXN-9BCE26653EFB,2026-07-21,ACCT-9BCE26653EFB,Zelle/P2P,Mobile,152.49,processed,,Southeast,1.0
TXN-1E0F286A43B3,2026-07-02,ACCT-1E0F286A43B3,Wire,Call Center,38867.3,processed,,Northeast,2.4
TXN-133806CA086F,2026-09-03,ACCT-133806CA086F,ACH,Mobile,1273.15,processed,,Southeast,5.1
TXN-876C7A0E72C5,2026-08-28,ACCT-876C7A0E72C5,Zelle/P2P,Mobile,862.78,processed,,Southwest,1.1
TXN-9B3831BDC8CA,2026-09-19,ACCT-9B3831BDC8CA,Card,Mobile,315.09,processed,,Northeast,1.9
TXN-477A5A9AA907,2026-07-27,ACCT-477A5A9AA907,ACH,Online,3701.23,processed,,Northeast,2.1
TXN-AC8517A45B39,2026-07-07,ACCT-AC8517A45B39,Card,Mobile,267.98,processed,,Midwest,4.2
TXN-93989D0F14E7,2026-09-07,ACCT-93989D0F14E7,ACH,API,10174.91,processed,,Midwest,3.5
TXN-DC00315A6E45,2026-08-26,ACCT-DC00315A6E45,Check,ATM,3016.71,processed,,Midwest,2.9
TXN-FACFD029B748,2026-07-31,ACCT-FACFD029B748,ACH,API,841.99,processed,,Southeast,3.0
TXN-D95936051B11,2026-08-21,ACCT-D95936051B11,Check,Branch,2856.82,processed,,Southeast,1.3
TXN-17DC3303CD10,2026-08-10,ACCT-17DC3303CD10,Zelle/P2P,Mobile,1110.02,processed,,Midwest,6.5
TXN-DCE37476C97B,2026-09-10,ACCT-DCE37476C97B,Zelle/P2P,Mobile,321.99,processed,,Northeast,2.4
TXN-EF0E80628A99,2026-09-18,ACCT-EF0E80628A99,Zelle/P2P,Mobile,654.5,processed,,Southeast,9.8
TXN-CBA28B89EB85,2026-08-01,ACCT-CBA28B89EB85,ACH,Mobile,7586.55,processed,,Northeast,1.4
TXN-1DDE21D9DFBE,2026-08-14,ACCT-1DDE21D9DFBE,Zelle/P2P,Online,182.67,processed,,West,2.0
TXN-F6FFAABFC725,2026-09-11,ACCT-F6FFAABFC725,Card,Online,52.39,failed,,Southeast,11.7
TXN-4F6A477002DA,2026-06-25,ACCT-4F6A477002DA,Wire,Call Center,39550.57,processed,,Northeast,1.3
TXN-0BAC535168AA,2026-07-16,ACCT-0BAC535168AA,ACH,Online,4825.66,processed,,Northeast,1.3
TXN-C848D2293446,2026-09-10,ACCT-C848D2293446,Bill Pay,Online,676.79,processed,,Southeast,1.8
TXN-B3E9B14CB021,2026-09-16,ACCT-B3E9B14CB021,Check,Branch,4349.35,processed,,Midwest,6.0
TXN-FAEEBA4BA4D9,2026-08-10,ACCT-FAEEBA4BA4D9,ACH,API,4459.63,processed,,Southeast,7.5
TXN-BA5D526606FD,2026-08-21,ACCT-BA5D526606FD,Check,Branch,3432.48,processed,,Southeast,18.3
TXN-41EA413849A0,2026-07-18,ACCT-41EA413849A0,Wire,Branch,25275.27,exception,Amount exceeds limit,Northeast,38.1
TXN-EF5FA45BF75A,2026-07-27,ACCT-EF5FA45BF75A,ACH,Online,1808.49,processed,,Southeast,3.5
TXN-DD67D6A7AD14,2026-08-02,ACCT-DD67D6A7AD14,Zelle/P2P,Online,732.02,processed,,Midwest,7.5
TXN-226AE4E29663,2026-08-04,ACCT-226AE4E29663,Check,Branch,10832.16,processed,,Southeast,33.5
TXN-7CB0E962C485,2026-08-19,ACCT-7CB0E962C485,Bill Pay,Call Center,359.36,processed,,West,1.6
TXN-295020E34E1D,2026-09-21,ACCT-295020E34E1D,Card,Online,69.66,processed,,Southeast,2.3
TXN-9A0D149BDB5E,2026-09-17,ACCT-9A0D149BDB5E,ACH,API,151.67,processed,,Southwest,1.4
TXN-853ABD753FA5,2026-07-24,ACCT-853ABD753FA5,Zelle/P2P,Mobile,1392.54,processed,,Northeast,1.6
TXN-CF160ABEB12C,2026-09-10,ACCT-CF160ABEB12C,Card,Mobile,98.47,processed,,Midwest,15.4
TXN-7E3EB045D667,2026-08-24,ACCT-7E3EB045D667,ACH,Branch,4230.3,processed,,Southwest,10.3
TXN-A18C2A057D80,2026-08-28,ACCT-A18C2A057D80,ACH,Branch,1525.08,processed,,Southeast,5.7
TXN-CC80E5682A1D,2026-08-26,ACCT-CC80E5682A1D,Check,Branch,1670.16,processed,,Midwest,2.4
TXN-1828526428F1,2026-07-14,ACCT-1828526428F1,Check,Mobile,9436.29,processed,,Southwest,1.6
TXN-00A9E941F816,2026-07-25,ACCT-00A9E941F816,Wire,Branch,30465.01,processed,,Northeast,2.4
TXN-AAA62B4A2EE7,2026-06-30,ACCT-AAA62B4A2EE7,Card,Online,22.26,processed,,West,9.1
TXN-D72845B1D517,2026-09-08,ACCT-D72845B1D517,Card,Mobile,123.06,processed,,Midwest,1.6
TXN-02858890BABF,2026-07-24,ACCT-02858890BABF,Card,Mobile,19.45,processed,,Southeast,0.7
TXN-B4A9151F18A5,2026-07-06,ACCT-B4A9151F18A5,ACH,Branch,1713.81,processed,,Midwest,7.7
TXN-77F18A18B7F9,2026-07-15,ACCT-77F18A18B7F9,ACH,Online,3886.57,processed,,Midwest,2.9
TXN-BE21D119A8FD,2026-07-22,ACCT-BE21D119A8FD,Card,ATM,61.84,processed,,Northeast,8.1
TXN-90CADA10FE6B,2026-08-11,ACCT-90CADA10FE6B,Zelle/P2P,Mobile,2021.33,processed,,Southeast,3.1
TXN-F6D3FD525158,2026-09-17,ACCT-F6D3FD525158,Zelle/P2P,Online,1738.94,processed,,Northeast,3.6
TXN-B3F57D33633E,2026-06-24,ACCT-B3F57D33633E,Card,Mobile,738.19,processed,,Northeast,2.1
TXN-F27051BB4DBC,2026-08-10,ACCT-F27051BB4DBC,Bill Pay,Online,207.88,processed,,Southeast,2.9
TXN-724A1F1F0A47,2026-09-20,ACCT-724A1F1F0A47,Card,Mobile,69.19,processed,,Midwest,1.2
TXN-69272B890797,2026-08-12,ACCT-69272B890797,Zelle/P2P,Online,2222.75,processed,,Northeast,0.9
TXN-307FACA13155,2026-07-26,ACCT-307FACA13155,ACH,Online,1397.73,processed,,Northeast,4.1
TXN-21445AF8F7AC,2026-07-15,ACCT-21445AF8F7AC,ACH,Online,2048.64,processed,,Southeast,5.4
TXN-9B18C37608EC,2026-09-01,ACCT-9B18C37608EC,Card,Mobile,132.62,processed,,Southeast,2.2
TXN-7750B6306752,2026-08-10,ACCT-7750B6306752,Bill Pay,Online,2069.2,processed,,Southeast,4.4
TXN-4F0BC638025A,2026-09-03,ACCT-4F0BC638025A,ACH,API,1863.68,processed,,Northeast,3.9
TXN-0CA98F2EFE3E,2026-07-13,ACCT-0CA98F2EFE3E,ACH,Mobile,552.7,processed,,Northeast,2.3
TXN-768514B6B4DC,2026-09-05,ACCT-768514B6B4DC,ACH,API,2114.21,processed,,West,2.6
TXN-3E73AAEBB0F6,2026-08-07,ACCT-3E73AAEBB0F6,Card,ATM,23.93,processed,,Midwest,1.8
TXN-26AD817F2329,2026-08-06,ACCT-26AD817F2329,Card,ATM,145.87,processed,,Southwest,1.7
TXN-3FC9188C732D,2026-08-12,ACCT-3FC9188C732D,ACH,Mobile,1272.41,exception,Account number mismatch,Southwest,8.5
TXN-DB9E78374A74,2026-08-20,ACCT-DB9E78374A74,Zelle/P2P,Online,677.73,processed,,Northeast,1.1
TXN-57C235A3A15D,2026-07-04,ACCT-57C235A3A15D,Card,Online,258.6,processed,,Southwest,0.2
TXN-433A1319AEE5,2026-07-08,ACCT-433A1319AEE5,Card,Online,76.17,processed,,Southeast,3.0
TXN-5B34F0B018BB,2026-08-21,ACCT-5B34F0B018BB,Card,Mobile,15.95,processed,,Northeast,3.5
TXN-E4A6C22AF81E,2026-09-06,ACCT-E4A6C22AF81E,ACH,Branch,3268.08,processed,,Midwest,4.5
TXN-C0ADFB595B98,2026-06-29,ACCT-C0ADFB595B98,Card,Online,131.51,processed,,Southeast,1.6
TXN-86F686881320,2026-06-30,ACCT-86F686881320,Wire,Branch,13718.12,processed,,Northeast,14.7
TXN-F7D658FF195E,2026-09-08,ACCT-F7D658FF195E,ACH,Branch,3098.91,processed,,Southwest,1.5
TXN-BF562E3B5A74,2026-09-04,ACCT-BF562E3B5A74,Check,Mobile,2715.8,processed,,West,4.4
TXN-06071662E631,2026-08-12,ACCT-06071662E631,Bill Pay,Call Center,784.57,processed,,West,3.0
TXN-AC7AB7628561,2026-09-10,ACCT-AC7AB7628561,Card,Online,27.24,processed,,West,2.5
TXN-88831144C552,2026-07-13,ACCT-88831144C552,Bill Pay,Online,218.64,processed,,Southwest,14.3
TXN-67E912E3E2B5,2026-07-03,ACCT-67E912E3E2B5,ACH,Mobile,2061.27,processed,,Southeast,1.5
TXN-6CDDF1D53EE4,2026-09-10,ACCT-6CDDF1D53EE4,ACH,API,24783.54,processed,,Southwest,6.9
TXN-EFFA5FAFD71A,2026-08-05,ACCT-EFFA5FAFD71A,ACH,Branch,3895.33,processed,,Midwest,3.4
TXN-1498EF9E15F6,2026-06-29,ACCT-1498EF9E15F6,Card,ATM,80.39,processed,,West,11.4
TXN-9464BE44A417,2026-09-04,ACCT-9464BE44A417,Card,ATM,83.97,processed,,Northeast,1.7
TXN-D6AD1D60FBB1,2026-08-07,ACCT-D6AD1D60FBB1,Card,Mobile,45.8,processed,,Northeast,4.1
TXN-EAC1B486E240,2026-09-05,ACCT-EAC1B486E240,Card,ATM,163.4,pending,,Northeast,5.7
TXN-DCE24F16CC14,2026-09-01,ACCT-DCE24F16CC14,ACH,Mobile,2146.31,processed,,Northeast,6.3
TXN-1D06EA55F779,2026-07-23,ACCT-1D06EA55F779,Card,Mobile,290.13,exception,Account number mismatch,Southwest,39.0
TXN-CB0AE19B11FE,2026-06-25,ACCT-CB0AE19B11FE,Card,ATM,235.55,processed,,Southwest,4.7
TXN-BD2E0045808F,2026-07-28,ACCT-BD2E0045808F,Card,Online,181.77,processed,,Northeast,1.2
TXN-B5D11B99AFB7,2026-07-20,ACCT-B5D11B99AFB7,Card,Mobile,77.25,processed,,Southeast,3.3
TXN-A372B8BA0666,2026-07-21,ACCT-A372B8BA0666,Check,Branch,7275.66,processed,,Southwest,1.8
TXN-C9E1E40A9C40,2026-08-10,ACCT-C9E1E40A9C40,ACH,API,10534.45,processed,,Northeast,4.0
TXN-E1AD9D6F9099,2026-08-07,ACCT-E1AD9D6F9099,Bill Pay,Mobile,678.0,processed,,Midwest,1.3
TXN-162E3973ECF8,2026-09-18,ACCT-162E3973ECF8,Card,Online,155.08,processed,,Northeast,1.2
TXN-6874795BA0DB,2026-09-09,ACCT-6874795BA0DB,Card,Online,54.54,processed,,West,6.9
TXN-AD1F5D5AB29F,2026-08-07,ACCT-AD1F5D5AB29F,ACH,API,4700.47,processed,,Southwest,7.5
TXN-C741B3460493,2026-07-06,ACCT-C741B3460493,Card,Online,127.66,processed,,Northeast,9.8
TXN-B40E32D5DF10,2026-06-24,ACCT-B40E32D5DF10,Card,Mobile,160.37,processed,,Northeast,0.6
TXN-49F140ABE158,2026-07-17,ACCT-49F140ABE158,Card,Mobile,201.51,processed,,Southeast,8.0
TXN-B70541085F08,2026-09-05,ACCT-B70541085F08,Check,Mobile,6322.38,processed,,Northeast,2.0
TXN-782E82D6A003,2026-06-25,ACCT-782E82D6A003,Card,Mobile,455.67,processed,,Southwest,4.5
TXN-5A20AE488936,2026-07-08,ACCT-5A20AE488936,ACH,API,1534.86,processed,,Midwest,1.6
TXN-10315349981E,2026-09-15,ACCT-10315349981E,Card,Online,645.78,processed,,Southeast,2.0
TXN-D5B189FACBFD,2026-08-04,ACCT-D5B189FACBFD,Wire,Online,128178.42,processed,,Southwest,4.2
TXN-4235D033441D,2026-09-15,ACCT-4235D033441D,Card,ATM,435.55,processed,,,2.0
TXN-18B3ED610C43,2026-08-08,ACCT-18B3ED610C43,Card,Online,281.15,processed,,Southwest,1.4
TXN-C80CF0E85A4C,2026-08-25,ACCT-C80CF0E85A4C,Bill Pay,Online,543.93,processed,,Midwest,6.4
TXN-002FE38AC60E,2026-09-10,ACCT-002FE38AC60E,Card,Online,305.29,processed,,Northeast,8.8
TXN-1398233D4AAB,2026-08-14,ACCT-1398233D4AAB,Check,ATM,4759.87,processed,,Midwest,26.9
TXN-76B757BD1E2C,2026-09-01,ACCT-76B757BD1E2C,ACH,Online,39486.24,processed,,Midwest,0.7
TXN-9EA3F4147C0D,2026-08-17,ACCT-9EA3F4147C0D,ACH,Online,16765.06,processed,,Midwest,0.4
TXN-044DEB766232,2026-09-15,ACCT-044DEB766232,Check,Branch,2832.79,pending,,Midwest,1.8
TXN-B4CD8BB27A3E,2026-07-23,ACCT-B4CD8BB27A3E,ACH,API,63098.65,processed,,Midwest,3.9
TXN-704FABF04C11,2026-08-18,ACCT-704FABF04C11,Card,Online,109.82,processed,,Southeast,5.9
TXN-699415A6E630,2026-07-19,ACCT-699415A6E630,Check,Mobile,4328.33,processed,,Northeast,8.1
TXN-676045C7092A,2026-08-14,ACCT-676045C7092A,ACH,API,475.42,processed,,Northeast,2.1
TXN-280E7A637BB8,2026-09-09,ACCT-280E7A637BB8,Bill Pay,Online,925.66,processed,,West,5.6
TXN-FCE1D79B096C,2026-08-05,ACCT-FCE1D79B096C,Check,ATM,1187.16,processed,,West,9.8
TXN-2C029734AE69,2026-08-29,ACCT-2C029734AE69,ACH,Mobile,98869.94,processed,,Southeast,1.2
TXN-AF93A06C8089,2026-07-15,ACCT-AF93A06C8089,ACH,API,1181.66,processed,,Southeast,5.1
TXN-CF830153793C,2026-07-22,ACCT-CF830153793C,ACH,Branch,5522.66,processed,,Southeast,1.0
TXN-F99F76C292EE,2026-07-20,ACCT-F99F76C292EE,Bill Pay,Mobile,200.88,processed,,West,1.2
TXN-D89F0CD2AF07,2026-09-21,ACCT-D89F0CD2AF07,Check,Mobile,4242.4,processed,,Northeast,11.0
TXN-2CDE975045A5,2026-07-01,ACCT-2CDE975045A5,ACH,API,8214.73,processed,,Northeast,13.2
TXN-B5A1FC2E5D35,2026-08-17,ACCT-B5A1FC2E5D35,Zelle/P2P,Online,52.86,processed,,Northeast,3.1
TXN-FCD8B869B3D9,2026-09-03,ACCT-FCD8B869B3D9,Check,Mobile,15435.51,processed,,Northeast,6.6
TXN-6589CA24D76B,2026-07-22,ACCT-6589CA24D76B,Card,Mobile,56.65,processed,,Northeast,1.2
TXN-A4248F3EB5A7,2026-08-14,ACCT-A4248F3EB5A7,ACH,API,16893.49,processed,,Southeast,10.5
TXN-94FCD32160DC,2026-08-24,ACCT-94FCD32160DC,ACH,Online,2961.23,processed,,Southeast,1.2
TXN-F898C0E2FA3B,2026-08-05,ACCT-F898C0E2FA3B,ACH,Online,10863.02,processed,,Midwest,3.5
TXN-9771FCAC8E2F,2026-08-28,ACCT-9771FCAC8E2F,ACH,Online,715.73,processed,,Midwest,18.6
TXN-D666811EAA68,2026-08-01,ACCT-D666811EAA68,Card,Online,301.67,processed,,Northeast,1.1
TXN-87E2F5F30B59,2026-08-06,ACCT-87E2F5F30B59,Card,Mobile,10.12,processed,,Southeast,12.7
TXN-76142AF40DE7,2026-08-03,ACCT-76142AF40DE7,ACH,Online,15958.41,processed,,Southeast,4.5
TXN-A92B7D1809CC,2026-08-03,ACCT-A92B7D1809CC,Bill Pay,Online,458.66,processed,,Southwest,2.1
TXN-0DD0EB570063,2026-07-27,ACCT-0DD0EB570063,Check,Branch,3624.01,processed,,Midwest,1.7
TXN-79CEFC6D2EDE,2026-09-14,ACCT-79CEFC6D2EDE,Zelle/P2P,Mobile,1140.01,processed,,West,6.5
TXN-3C93DC29BE76,2026-08-26,ACCT-3C93DC29BE76,Zelle/P2P,Mobile,2843.59,processed,,Southwest,2.8
TXN-6F19A7710B56,2026-08-17,ACCT-6F19A7710B56,Card,Online,123.85,processed,,Northeast,1.8
TXN-078208096EEE,2026-08-19,ACCT-078208096EEE,Card,Online,35.2,processed,,Northeast,3.6
TXN-519BC8E4479B,2026-08-18,ACCT-519BC8E4479B,Card,Mobile,193.51,processed,,Northeast,0.2
TXN-28C5DB228709,2026-07-03,ACCT-28C5DB228709,Zelle/P2P,Mobile,636.8,processed,,Southwest,1.1
TXN-668E141D7BCC,2026-07-19,ACCT-668E141D7BCC,Card,Mobile,92.84,processed,,Southeast,0.7
TXN-D4D4E4B441F6,2026-07-13,ACCT-D4D4E4B441F6,Card,Mobile,71.79,processed,,Northeast,2.6
TXN-DCDA112812F6,2026-07-09,ACCT-DCDA112812F6,ACH,API,654.59,processed,,West,4.7
TXN-C8BCAD7F2864,2026-07-10,ACCT-C8BCAD7F2864,Bill Pay,Mobile,114.27,processed,,Southeast,3.2
TXN-95007F9DF58E,2026-07-10,ACCT-95007F9DF58E,Card,Online,328.12,processed,,Southwest,9.2
TXN-5426D2CA50F2,2026-08-28,ACCT-5426D2CA50F2,ACH,Branch,1803.19,processed,,Northeast,2.5
TXN-FE6898977FC1,2026-06-30,ACCT-FE6898977FC1,ACH,Branch,315.76,processed,,Northeast,8.9
TXN-B553E6AF4FB1,2026-08-14,ACCT-B553E6AF4FB1,Check,Mobile,15696.85,processed,,Midwest,8.3
TXN-9E2496CE96A8,2026-08-27,ACCT-9E2496CE96A8,ACH,Online,1536.94,processed,,Southwest,4.7
TXN-E8D557686501,2026-09-21,ACCT-E8D557686501,ACH,Online,1272.12,processed,,Southeast,6.1
TXN-87FF264258BB,2026-08-31,ACCT-87FF264258BB,ACH,Online,4064.51,processed,,Southeast,8.7
TXN-E720256DFED2,2026-07-24,ACCT-E720256DFED2,ACH,API,1447.27,processed,,West,9.2
TXN-04C0C4B75C2F,2026-09-07,ACCT-04C0C4B75C2F,Zelle/P2P,Mobile,323.55,processed,,West,2.7
TXN-BF5F5EB0C183,2026-08-11,ACCT-BF5F5EB0C183,Check,ATM,4531.14,processed,,Northeast,2.2
TXN-E2B386736700,2026-07-04,ACCT-E2B386736700,Bill Pay,Online,1071.73,processed,,Southeast,16.5
TXN-90825AA2631E,2026-09-04,ACCT-90825AA2631E,Card,Online,221.66,processed,,West,2.2
TXN-A70A0909A825,2026-09-03,ACCT-A70A0909A825,ACH,Online,5231.09,processed,,Southeast,1.1
TXN-E8A451630454,2026-08-06,ACCT-E8A451630454,Check,Branch,6281.99,processed,,Southwest,2.1
TXN-539FE5A002C7,2026-07-08,ACCT-539FE5A002C7,Bill Pay,Online,837.25,processed,,Southeast,1.6
TXN-C7D0562CD4F6,2026-07-23,ACCT-C7D0562CD4F6,Card,Mobile,88.37,processed,,Southwest,1.7
TXN-F1D7B395F69D,2026-08-21,ACCT-F1D7B395F69D,ACH,Online,4246.26,processed,,Midwest,4.3
TXN-6585F6C8F962,2026-08-13,ACCT-6585F6C8F962,Card,Online,151.41,processed,,Southwest,3.3
TXN-C4E498326572,2026-06-29,ACCT-C4E498326572,Zelle/P2P,Mobile,114.89,processed,,Southeast,1.3
TXN-73DA0DF025BD,2026-06-25,ACCT-73DA0DF025BD,Bill Pay,Mobile,1096.01,failed,,Southeast,36.6
TXN-7DDB44478C5F,2026-08-24,ACCT-7DDB44478C5F,Bill Pay,Mobile,417.15,pending,,Northeast,3.4
TXN-510B516E64E6,2026-08-31,ACCT-510B516E64E6,Card,Mobile,192.3,processed,,Southwest,1.8
TXN-E8328FE8488C,2026-07-07,ACCT-E8328FE8488C,Check,ATM,5339.03,processed,,Southeast,3.8
TXN-9E26DDB9004B,2026-07-24,ACCT-9E26DDB9004B,ACH,Online,7333.41,processed,,Southwest,4.3
TXN-DC125EE72CB0,2026-08-10,ACCT-DC125EE72CB0,ACH,Mobile,8279.07,processed,,West,0.8
TXN-501487AEC404,2026-07-31,ACCT-501487AEC404,ACH,Online,5882.95,processed,,Midwest,9.2
TXN-F41BE124D238,2026-09-02,ACCT-F41BE124D238,Check,ATM,13040.78,failed,,West,2.4
TXN-6C97AAD35E19,2026-09-07,ACCT-6C97AAD35E19,Wire,Branch,15449.78,processed,,Southeast,18.4
TXN-1F3DEE3DC51F,2026-07-20,ACCT-1F3DEE3DC51F,ACH,Branch,690.58,processed,,West,15.7
TXN-2C58B3A68AC9,2026-08-30,ACCT-2C58B3A68AC9,Card,Online,105.3,processed,,Southwest,0.5
TXN-9E85129D32F8,2026-07-14,ACCT-9E85129D32F8,Check,Branch,5592.5,processed,,Northeast,5.0
TXN-39D71E8F3F0F,2026-06-24,ACCT-39D71E8F3F0F,Zelle/P2P,Mobile,1202.32,processed,,Northeast,0.8
TXN-5FDE84612325,2026-09-03,ACCT-5FDE84612325,ACH,Branch,10141.53,processed,,Southeast,2.2
TXN-3033CF66FA72,2026-07-23,ACCT-3033CF66FA72,ACH,Mobile,5314.48,processed,,Midwest,6.5
TXN-44FA3D8ADC51,2026-07-02,ACCT-44FA3D8ADC51,Card,Mobile,108.1,processed,,Southeast,2.9
TXN-5FD9B6333FAE,2026-06-25,ACCT-5FD9B6333FAE,ACH,Branch,3624.73,pending,,Southeast,2.2
TXN-8DE1709431D7,2026-08-19,ACCT-8DE1709431D7,Wire,Online,86759.43,processed,,Northeast,21.9
TXN-777427C2C0A0,2026-08-21,ACCT-777427C2C0A0,Bill Pay,Online,255.26,processed,,Midwest,7.3
TXN-D7DB57A61125,2026-09-04,ACCT-D7DB57A61125,ACH,Online,4818.82,processed,,Northeast,5.9
TXN-92BB9FBF750D,2026-09-04,ACCT-92BB9FBF750D,Wire,Call Center,31950.66,processed,,Southeast,6.1
TXN-10AA512CCC5F,2026-07-08,ACCT-10AA512CCC5F,Bill Pay,Mobile,292.88,processed,,West,8.2
TXN-879D43D2F0DB,2026-07-30,ACCT-879D43D2F0DB,ACH,Online,3222.03,processed,,Midwest,2.1
TXN-7EAA0013525A,2026-08-24,ACCT-7EAA0013525A,ACH,Branch,916.19,processed,,Southeast,8.1
TXN-04991A217F9E,2026-07-31,ACCT-04991A217F9E,Check,Branch,1286.2,processed,,West,2.6
TXN-7F56F2D13C33,2026-06-30,ACCT-7F56F2D13C33,Card,Mobile,51.65,processed,,West,5.1
TXN-BFE7C8113AED,2026-08-13,ACCT-BFE7C8113AED,Zelle/P2P,Mobile,648.66,processed,,West,2.5
TXN-010B9063E59E,2026-06-26,ACCT-010B9063E59E,ACH,Branch,865.86,pending,,Midwest,1.4
TXN-17FFED206007,2026-09-05,ACCT-17FFED206007,Card,ATM,284.08,processed,,Southwest,10.3
TXN-FCBF5D4DAD66,2026-08-07,ACCT-FCBF5D4DAD66,Card,Mobile,32.48,pending,,Midwest,2.0
TXN-510F079B40DF,2026-07-31,ACCT-510F079B40DF,Card,Mobile,45.55,processed,,Midwest,1.3
TXN-A7169264E830,2026-07-07,ACCT-A7169264E830,Zelle/P2P,Mobile,1840.73,processed,,Southeast,2.8
TXN-02365CEAC7D4,2026-07-29,ACCT-02365CEAC7D4,Wire,Call Center,12021.52,processed,,Northeast,11.5
TXN-84325000AFCF,2026-07-03,ACCT-84325000AFCF,ACH,Online,2852.04,processed,,Northeast,9.5
TXN-553DB86EC67A,2026-08-18,ACCT-553DB86EC67A,Zelle/P2P,Mobile,52.28,processed,,West,5.7
TXN-C3ABA2C5AAFF,2026-06-24,ACCT-C3ABA2C5AAFF,ACH,Online,27361.46,processed,,West,15.5
TXN-68DFF71DB8D9,2026-08-26,ACCT-68DFF71DB8D9,ACH,Online,6392.79,processed,,West,2.7
TXN-76EE8CA009E6,2026-07-07,ACCT-76EE8CA009E6,Zelle/P2P,Mobile,445.77,exception,Amount exceeds limit,Midwest,9.8
TXN-676CE12C84DD,2026-07-23,ACCT-676CE12C84DD,Zelle/P2P,Online,334.18,processed,,West,2.5
TXN-D5C31589DB45,2026-09-15,ACCT-D5C31589DB45,Zelle/P2P,Mobile,408.32,processed,,Southwest,2.2
TXN-20E645D222A8,2026-06-24,ACCT-20E645D222A8,Card,Mobile,62.08,processed,,Northeast,1.5
TXN-90A2C8111077,2026-06-30,ACCT-90A2C8111077,Card,ATM,16.26,processed,,Midwest,4.1
TXN-A65BDD199FD6,2026-07-20,ACCT-A65BDD199FD6,Zelle/P2P,Online,213.38,processed,,West,4.9
TXN-25E026E2B223,2026-07-01,ACCT-25E026E2B223,Card,Mobile,17.44,processed,,Southeast,29.5
TXN-01BCA6D4A9E8,2026-09-12,ACCT-01BCA6D4A9E8,ACH,Online,1497.99,processed,,Southwest,1.1
TXN-1EB3D7923DEB,2026-09-08,ACCT-1EB3D7923DEB,Card,Online,146.13,processed,,Southeast,23.5
TXN-8CFE9368CDB7,2026-09-14,ACCT-8CFE9368CDB7,Check,Mobile,2162.5,processed,,Southeast,6.3
TXN-37CCEBCFE47D,2026-07-02,ACCT-37CCEBCFE47D,Check,Branch,5494.2,processed,,Northeast,6.8
TXN-47DF20189FB0,2026-06-25,ACCT-47DF20189FB0,ACH,Online,2248.06,processed,,Southwest,4.8
TXN-8126AF2D9EC8,2026-07-01,ACCT-8126AF2D9EC8,Check,Mobile,4040.78,processed,,Midwest,2.1
TXN-EDE99D6F8218,2026-07-28,ACCT-EDE99D6F8218,Card,Mobile,67.72,processed,,Midwest,3.8
TXN-7C5FAB57F8C1,2026-07-27,ACCT-7C5FAB57F8C1,Bill Pay,Online,52.03,processed,,Southeast,2.8
TXN-E8A1D011EC0A,2026-07-09,ACCT-E8A1D011EC0A,Bill Pay,Mobile,1953.19,processed,,Southeast,2.3
TXN-BA977EDD7884,2026-09-07,ACCT-BA977EDD7884,Card,Online,29.76,processed,,Southwest,4.7
TXN-96FA23F6FA60,2026-08-31,ACCT-96FA23F6FA60,Wire,Online,8990.63,processed,,Southeast,18.5
TXN-2B08292982C7,2026-08-11,ACCT-2B08292982C7,ACH,Online,2707.94,processed,,Southeast,0.7
TXN-2C0E16421CBF,2026-08-03,ACCT-2C0E16421CBF,ACH,Mobile,2326.38,processed,,Southeast,5.0
TXN-672FF59603F4,2026-08-13,ACCT-672FF59603F4,Card,ATM,95.53,processed,,West,1.4
TXN-337C7A4F75BF,2026-07-21,ACCT-337C7A4F75BF,Zelle/P2P,Online,1202.1,processed,,Midwest,11.3
TXN-2AF8215F2CAA,2026-07-15,ACCT-2AF8215F2CAA,ACH,API,8051.43,processed,,Midwest,0.7
TXN-87C7E6409C64,2026-09-16,ACCT-87C7E6409C64,Check,Branch,9835.89,processed,,Southeast,0.6
TXN-835B86C4BFF8,2026-07-07,ACCT-835B86C4BFF8,Bill Pay,Online,1012.48,processed,,West,1.8
TXN-7C18B1B4917E,2026-08-20,ACCT-7C18B1B4917E,ACH,API,4836.12,processed,,Southeast,8.3
TXN-825B0116D934,2026-07-14,ACCT-825B0116D934,Bill Pay,Online,264.22,pending,,West,10.6
TXN-7B6AFE7D6951,2026-08-25,ACCT-7B6AFE7D6951,Wire,Call Center,10986.35,processed,,Northeast,17.7
TXN-342662B9651A,2026-08-28,ACCT-342662B9651A,Wire,Online,138676.73,pending,,Southwest,5.9
TXN-326A011D51A0,2026-07-10,ACCT-326A011D51A0,ACH,Online,2547.84,processed,,Midwest,11.5
TXN-03C6C5555BAD,2026-07-27,ACCT-03C6C5555BAD,Card,Online,158.97,processed,,Southwest,0.9
TXN-BDE8D0B9F40D,2026-06-30,ACCT-BDE8D0B9F40D,Check,Mobile,14371.44,processed,,West,10.0
TXN-C5ED0D79E758,2026-07-07,ACCT-C5ED0D79E758,ACH,Online,3318.11,processed,,Southwest,0.4
TXN-C2610AA1662C,2026-09-08,ACCT-C2610AA1662C,ACH,Online,7859.03,processed,,Southeast,5.5
TXN-0E49F65124E9,2026-07-29,ACCT-0E49F65124E9,Bill Pay,Online,175.13,processed,,West,2.1
TXN-03FFE7FA8E0B,2026-09-18,ACCT-03FFE7FA8E0B,Check,Branch,843.48,processed,,West,1.0
TXN-9DC38A3AE440,2026-09-11,ACCT-9DC38A3AE440,Card,Online,22.52,processed,,Midwest,1.9
TXN-87EF6B45038A,2026-08-22,ACCT-87EF6B45038A,Card,Online,236.88,processed,,West,3.0
TXN-F1C903C71329,2026-08-01,ACCT-F1C903C71329,ACH,API,4436.7,processed,,Southeast,5.5
TXN-2CC82D00935C,2026-07-13,ACCT-2CC82D00935C,Bill Pay,Mobile,657.98,processed,,West,3.5
TXN-A64A445D6A59,2026-07-10,ACCT-A64A445D6A59,Wire,Branch,29169.72,processed,,Southeast,2.2
TXN-A1AEF9F42364,2026-06-24,ACCT-A1AEF9F42364,ACH,Branch,1865.67,pending,,Northeast,7.3
TXN-6DA6A1D655A3,2026-08-10,ACCT-6DA6A1D655A3,Wire,Branch,6651.07,processed,,Midwest,10.9
TXN-422458017AC1,2026-07-06,ACCT-422458017AC1,ACH,Branch,3476.77,processed,,Midwest,6.4
TXN-50202BDF2944,2026-09-14,ACCT-50202BDF2944,Card,ATM,75.26,processed,,West,2.5
TXN-FEC006833CA7,2026-07-10,ACCT-FEC006833CA7,Check,Branch,3781.18,processed,,Midwest,2.7
TXN-CD1832F46948,2026-08-11,ACCT-CD1832F46948,Zelle/P2P,Mobile,310.12,processed,,Northeast,0.9
TXN-1BA74B68E110,2026-07-07,ACCT-1BA74B68E110,Bill Pay,Online,696.16,processed,,Midwest,7.0
TXN-3D6908DB676E,2026-09-16,ACCT-3D6908DB676E,ACH,API,7786.19,processed,,Southwest,2.6
TXN-58180BB12BEB,2026-07-27,ACCT-58180BB12BEB,Card,Mobile,34.53,processed,,West,10.7
TXN-2E2716084DA0,2026-07-26,ACCT-2E2716084DA0,Card,ATM,29.66,processed,,Midwest,4.6
TXN-222915792751,2026-06-30,ACCT-222915792751,ACH,Mobile,927.23,processed,,Southeast,7.0
TXN-39C0409B1212,2026-09-07,ACCT-39C0409B1212,Check,Mobile,5131.4,processed,,Northeast,3.1
TXN-ED6D0C40CF19,2026-08-11,ACCT-ED6D0C40CF19,ACH,Online,7679.66,pending,,Southeast,3.2
TXN-9CC0F9F3386A,2026-09-11,ACCT-9CC0F9F3386A,Bill Pay,Online,844.31,processed,,Southwest,1.7
TXN-E67C2B4F0C8F,2026-07-20,ACCT-E67C2B4F0C8F,Wire,Call Center,60218.3,processed,,Southwest,11.2
TXN-888240F7AF03,2026-07-22,ACCT-888240F7AF03,Card,Online,484.63,processed,,West,1.2
TXN-34BB2866E6F4,2026-08-26,ACCT-34BB2866E6F4,Card,Mobile,2390.05,failed,,Northeast,4.0
TXN-442681FDBDA1,2026-08-04,ACCT-442681FDBDA1,Check,ATM,3087.03,processed,,Midwest,2.7
TXN-A40030D2C9A8,2026-07-20,ACCT-A40030D2C9A8,Card,ATM,89.01,processed,,Northeast,1.9
TXN-4083833D6F99,2026-07-02,ACCT-4083833D6F99,Zelle/P2P,Mobile,620.46,processed,,Northeast,12.9
TXN-1C560A8391ED,2026-08-24,ACCT-4132596292AE,Wire,Call Center,35752.63,processed,,,4.1
TXN-819260967359,2026-07-23,ACCT-819260967359,Zelle/P2P,Mobile,138.87,processed,,Northeast,29.6
